code,name,brand,category,category_source,nutriscore_grade,nova_group,additives_n,kcal,sugars,fat,sat_fat,salt,protein,fiber
0015000046446,Gerber Fruit & Yogurt - Very Berry Grabber,nestle,Infant & young child nutrition,name/category keywords,,,,,,,,,,
0015000056063,Graduates lil entrees,gerber,Infant & young child nutrition,brand (clear),,,,85.53,1.32,3.95,1.97,0.4512,3.29,0.66
0015000075125,"Organic baby food bananas, raspberries, & vanilla with yogurt ",gerber,Infant & young child nutrition,brand (clear),,,,,,,,,,
0015000140069,Purified water with minerals,gerber,Infant & young child nutrition,brand (clear),B,1,0,0.0,0.0,0.0,,0.0,0.0,
0016000272033,honey nut cheerios,nestle,Breakfast cereals,name/category keywords,,,,,,,,,,
0028000011598,Butterfinger,nestle,Chocolate & confectionery,name/category keywords,,,,,,,,,,
0028000080006,California raisins covered in chocolate,nestle,Chocolate & confectionery,name/category keywords,E,4,2,425.0,62.64,17.9,11.19,0.085,4.47,2.2
0028000080402,Candy theater box,nestle,Chocolate & confectionery,name/category keywords,E,4,2,422.22,28.0,17.78,11.11,0.0847,4.44,2.22
0028000139902,Bunches of crunchy milk chocolate,nestle,Chocolate & confectionery,name/category keywords,E,4,2,486.0,54.05,24.32,13.51,0.3925,5.41,2.7
0028000255664,Taster's Choice 100% Colombian,nescafe,Coffee & creamers,brand (clear),,,,,,,,,,
0028000382032,,nestle,Unclassified,none,,,,,,,,,,
0028000439392,"Nescafe, coffee-mate, instant coffee mix, french vanilla, french vanilla",nescafe,Coffee & creamers,brand (clear),,4,4,450.0,65.0,10.0,10.0,0.625,0.0,
0028000549657,Seasoning,maggi,Culinary & meals,brand (clear),,4,3,,,,,,,
0028000680404,Drink mix,nesquik,Beverages,name/category keywords,,4,3,375.0,93.75,0.0,0.0,0.0,0.0,0.0
0028000682309,"Nesquick, chocolate flavor",nesquik,Chocolate & confectionery,name/category keywords,,4,2,60.0,13.0,0.5,0.0,0.075,1.0,1.0
0028000984434,Juicy Juice Apple,nestle,Beverages,name/category keywords,,1,1,48.0,11.2,0.0,,,0.0,
0041679401040,boost,nestle,Health & clinical nutrition,name/category keywords,,,,,,,,,,
0043695159905,Philly steak & Cheese,nestle,Unclassified,none,D,4,13,236.2205,2.3622,8.6614,3.937,1.3779527,7.0866,0.7874
0043900184579,Isosource HN,nestle,Unclassified,none,,,,120.0,0.0,4.0,0.0,,5.4,
0050000127344,Fat free hazelnut liquid coffee creamer,coffee-mate,Coffee & creamers,brand (clear),D,4,1,166.67,33.33,0.0,0.0,0.0847,0.0,
0050000387823,Creamer,nestle,Coffee & creamers,name/category keywords,E,4,2,200.0,26.666666,10.0,10.0,0.33333334,0.0,
0050000467860,Natural bliss vanilla almondmilk coffee creamer,nestle,Coffee & creamers,name/category keywords,D,4,3,200.0,33.333332,6.6666665,3.3333333,0.33333334,0.0,
0055000125956,,nescafe,Coffee & creamers,brand (clear),,,,,,,,,,
0055000125994,,nestle,Unclassified,none,,,,,,,,,,
0071142000401,Arrowhead 100% Mountain Spring Water,nestle,Beverages,name/category keywords,A,1,,,,,,,,
00846503,Café instantáneo Nescafé Dolca Suave ,nescafe,Coffee & creamers,brand (clear),,,,,,,,,,
0221441811608,Orzoro,nestle,Unclassified,none,,,,,,,,,,
05001521,Coffee-mate ,nestle,Coffee & creamers,name/category keywords,,,,,,,,,,
06509736,Carnation Hot Chocolate,nestle,Chocolate & confectionery,name/category keywords,,,,,,,,,,
0789785020013,"Sandwiches made with low fat cinnamontastic snickerdoodle ice cream set between two oatmeal cookies, cinnamontastic snickerdoodle",nestle,Chocolate & confectionery,name/category keywords,D,4,5,229.0,34.29,4.29,2.86,0.375,5.71,1.4
11376156,Kohler Patissier,nestle,Unclassified,none,,,,,,,,,,
16992528,Lait sunshine,nestle,Dairy & milk drinks,name/category keywords,,,,,,,,,,
2000000001009,"CERELAC, Céréale infantile lactée",nestle,Breakfast cereals,name/category keywords,,4,2,,,,,,,
2000000001010,Nesquik,nesquik,Chocolate & confectionery,name/category keywords,,4,1,376.0,76.7,3.2,1.8,0.254,4.2,6.2
2000000001013,Nestlé NIDO,nido,Dairy & milk drinks,name/category keywords,,4,1,,,,,,,
2000000017344,,nestle,Unclassified,none,,,,,,,,,,
2060773000278,nestle pure life,nestle,Unclassified,none,,,,,,,,,,
30115590,,nescafe,Coffee & creamers,brand (clear),,,,,,,,,,
3023290330579,Vanilla yogurt with Kit Kat Pop Choc,nestle,Chocolate & confectionery,name/category keywords,,,,,,,,,,
3800020410455,KitKat Chunky Peanut,nestle,Chocolate & confectionery,name/category keywords,,,,,,,,,,
3800020420324,Kitkat chunky,nestle,Chocolate & confectionery,name/category keywords,,,,,,,,,,
3800020420508,Kit Kat chunky hazelnut cream,nestle,Chocolate & confectionery,name/category keywords,,,0,,52.93,30.57,16.67,,,1.06
3800020483664,LZ аериран млечен шоколад,nestle,Chocolate & confectionery,name/category keywords,,4,0,540.0,57.0,31.0,18.4,,7.2,1.2
3858890171600,Pileća supa sa testeninom,maggi,Culinary & meals,brand (clear),,4,1,,0.24,0.12,0.04,0.68,0.4,0.12
3858890173574,C ideja za Pizza makaroni,nestle,Culinary & meals,name/category keywords,,,1,,21.4,6.8,2.0,10.7,10.7,6.6
3858890174441,C SuperSupa kokošja,nestle,Culinary & meals,name/category keywords,,4,1,,0.28,0.08,0.04,0.64,0.48,0.16
3858890175660,C ideja za zapečena testenina sa šunkom i sirom,nestle,Beverages,name/category keywords,,,0,,10.2,4.9,0.6,10.8,7.8,2.7
3858890176759,Cipiripi,nestle,Chocolate & confectionery,name/category keywords,E,,0,,56.3,31.6,13.5,0.25,5.6,2.0
3858890177763,C ideja za špageti bolognese,nestle,Beverages,name/category keywords,,4,1,,24.3,3.2,0.5,10.8,7.6,6.1
3858890179019,Goveđa supa sa testeninom,maggi,Culinary & meals,brand (clear),C,4,0,,7.6,5.1,2.4,21.2,11.0,3.4
3858890179927,C ideja za Makaroni 4 sira,nestle,Culinary & meals,name/category keywords,,,1,,3.5,16.6,10.7,15.4,18.4,1.7
4005500047056,Nescafe gold,nescafe,Coffee & creamers,brand (clear),,,,,,,,,,
4005500073727,Formula Nan 400g HA Gold,nestle,Infant & young child nutrition,name/category keywords,,,,,,,,,,
4029679620056,power bar. protein plus. figure shake.,nestle,Beverages,name/category keywords,,,,,,,,,,
4600384006627,Nesquik®. Opti-start®.,nestle,Chocolate & confectionery,name/category keywords,,,,,,3.2,,,4.5,
4600384006634,Nesquik Opti-Start,nestle,Dairy & milk drinks,name/category keywords,,,,,,,,,,
4601339003180,Бульон золотой с курицей,maggi,Culinary & meals,brand (clear),,,,,,9.7,,,0.99,
4606272002283,Nescafé Gold,nescafe,Coffee & creamers,brand (clear),,,0,,,,,,,
4606272029075,Nesquik®. Opti-start®.,nestle,Chocolate & confectionery,name/category keywords,,4,0,,,3.2,,,4.5,
4606272030590,Nesquik,nesquik,Chocolate & confectionery,name/category keywords,,4,0,,,3.4,,,4.4,
4606272039944,Kit Kat,nestle,Chocolate & confectionery,name/category keywords,,,,,,28.0,,,5.7,
4607150080195,Nescafe Classic,nescafe,Coffee & creamers,brand (clear),,,,,,,,,,
4607150081796,Kit Kat,nestle,Chocolate & confectionery,name/category keywords,,,,,,29.0,,,5.6,
4607150087248,Овсяная каша,nestle,Unclassified,none,,,,,,,,,,
4800361002844,To be deleted,nestle,Unclassified,none,,,,,,,,,,
4800361328340,Magic Sarap,nestle,Unclassified,none,,,,,,,,,,
4800361383301,Milo,nestle,Chocolate & confectionery,name/category keywords,,4,3,423.0,45.5,11.8,5.45,,10.9,4.55
48764872,,nescafe,Coffee & creamers,brand (clear),,,,,,,,,,
4890008501311,,nescafe,Coffee & creamers,brand (clear),,,,,,,,,,
4891118040738,Acti-V Strawberry,nestle,Unclassified,none,,,,,,,,,,
4891118041889,Acti-V Blueberry,nestle,Unclassified,none,,,,,,,,,,
4891118623016,,nestle,Unclassified,none,,,,,,,,,,
4902201165969,Kitkat,nestle,Chocolate & confectionery,name/category keywords,,,,,,,,,,
4902201168755,kitkat,nestle,Chocolate & confectionery,name/category keywords,,,,,,,,,,
4902201170017,KitKat,nestle,Chocolate & confectionery,name/category keywords,,,,,,,,,,
4902201406147,Nescafe,nescafe,Coffee & creamers,brand (clear),,,,,,,,,,
4902201412346,,nescafe,Coffee & creamers,brand (clear),,,,,,,,,,
4902201419499,,nescafe,Coffee & creamers,brand (clear),,,,500.0,,30.3,,2.46,6.21,
5000243820200,,nescafe,Coffee & creamers,brand (clear),,,,,,,,,,
5011546177601,Cappuccino,nescafe,Coffee & creamers,brand (clear),,4,3,,50.5,7.5,6.7,0.83,8.9,4.8
5011546177687,Nescafé Gold Vanille Latte,nescafe,Coffee & creamers,brand (clear),,4,3,406.0,53.8,9.0,8.1,,8.3,2.6
50426119,Canette de Smarties,nestle,Chocolate & confectionery,name/category keywords,,1,,,,,,,,
50426171,,nestle,Unclassified,none,,,,,,,,,,
5448216450410,Special filtre fine créma,nescafe,Coffee & creamers,brand (clear),,,,,,,,,,
5867401234893,,nestle,Unclassified,none,,,,,,,,,,
5900020013095,musli cherry,nestle,Breakfast cereals,name/category keywords,,,,,,,,,,
5900020018441,,nestle,Unclassified,none,,,,,,,,,,
5900020025159,Fitness delice choco hazelnut,nestle,Unclassified,none,,,,,,,,,,
5900020026415,Oats cherrios,nestle,Breakfast cereals,name/category keywords,,,,,,,,,,
5941017005112,Classic 3in1,nescafe,Coffee & creamers,brand (clear),,4,6,,53.0,12.2,11.4,0.97,2.0,2.7
59463351,Nescafe 3 in 1,nescafe,Coffee & creamers,brand (clear),,,,58.0,9.5,1.2,1.1,0.1,0.3,
59463535,Nescafe 3in1 brown sugar,nescafe,Coffee & creamers,brand (clear),,4,5,,56.7,13.1,11.9,0.78,1.5,3.1
59469889,Frappe,nescafe,Coffee & creamers,brand (clear),E,4,3,,69.4,3.1,2.7,0.8,10.4,4.3
5998710967612,Nescafe 3in1 strong,nescafe,Coffee & creamers,brand (clear),,4,6,,52.0,12.0,11.0,0.7,1.8,3.8
6001068375707,Nesquick Strawberry Flavoured Drink,nesquik,Chocolate & confectionery,name/category keywords,E,,,320.0,98.2,0.0,0.0,3.7,0.1,0.1
6001068375806,Nesquik Strawberry,nesquik,Dairy & milk drinks,name/category keywords,,4,3,400.0,98.0,0.0,0.0,0.0,0.0,
6001068587001,2.Minute Noodles,maggi,Culinary & meals,brand (clear),,4,7,,,,,,,
6001068703104,Nestle Quality Street,nestle,Chocolate & confectionery,name/category keywords,,,,,,,,,,
6111018500230,Café,nescafe,Coffee & creamers,brand (clear),,,,,,,,,,
6111018901716,Cerelac,nestle,Infant & young child nutrition,name/category keywords,,,,420.0,30.0,10.0,5.0,2.0,14.0,
61110519,Classic,nescafe,Coffee & creamers,brand (clear),,,,,,,,,,
6130137000230,OPTI-DEJ,nestle,Unclassified,none,,4,1,385.0,76.7,3.6,1.6,0.3,4.7,7.1
6130137000483,nesquik,nestle,Dairy & milk drinks,name/category keywords,,,,,,,,,,
6130137000605,Nesquik,nestle,Dairy & milk drinks,name/category keywords,,,,385.0,77.11,3.0,1.44,0.68,4.5,6.7
6134522601613,Nesquik,nestle,Dairy & milk drinks,name/category keywords,,,,,,,,,,
6151100030283,Nestle Golden Morn Maize,nestle,Unclassified,none,,,,,,,,,,
6221007016083,Poudre Instantannée Nesquik,nestle,Dairy & milk drinks,name/category keywords,,4,1,402.0,87.4,4.0,0.0,0.0,4.0,
6294003534714,Cerelac,nestle,Infant & young child nutrition,name/category keywords,,,,,,,,,,
6294003557348,Cerelac Wheat,nestle,Infant & young child nutrition,name/category keywords,,,,418.0,0.1,10.0,0.1,0.5,14.0,1.3
6294003571061,Kit Kat 5F Caramelized Hazelnut Chocolate 40 GR,nestle,Chocolate & confectionery,name/category keywords,,,,,,,,,,
6616511016634,Какао-напиток быстрорастворимый,nesquik,Dairy & milk drinks,brand (default),,,,,,,,,,
6917878033785,Nescafe White Coffee Original,nescafe,Coffee & creamers,brand (clear),,,,,,,,,,
6917878033815,Nescafe Instant Coffee Mix white Coffee (Coffee + Creamer),nescafe,Coffee & creamers,brand (clear),E,,,120.0,1.6,5.9,5.2,0.3048,1.4,
6917878036793,Light sweetened milk spread,nestle,Dairy & milk drinks,name/category keywords,,,,284.0,45.0,0.8,0.0,1.2,7.5,
6934336200312,Nescafé,nescafe,Coffee & creamers,brand (clear),,,,,,,,,,
7501058626127,,nestle,Unclassified,none,,,,,,,,,,
7501058634849,Nescafé Dolca,nescafe,Coffee & creamers,brand (clear),,,,,,,,,,
7501059200777,Pureza Vital,nestle,Beverages,name/category keywords,,1,,,,,,,,
7501059281950,Nido FortiGrow,nestle,Dairy & milk drinks,name/category keywords,,,,,,,,,,
7610100075971,,nestle,Breakfast cereals,name/category keywords,,,,,,,,,,
7610235510057,Belte,nestle,Beverages,name/category keywords,,,,,,,,,,
7613031619535,Gold,nescafe,Coffee & creamers,brand (clear),,1,0,118.0,3.1,0.2,0.1,0.25,7.8,34.1
7613031812035,Kaassaus,maggi,Culinary & meals,brand (clear),E,4,4,484.0,12.3,27.2,7.3,7.3,12.2,1.1
7613031880065,Delissa v čokoládě,nestle,Chocolate & confectionery,name/category keywords,,,,,,,,,,
7613032415358,Crema de Leche Svelty Light,nestle,Dairy & milk drinks,name/category keywords,,,,,,,,,,
7613032417413,8 Cereale Junior,nestle,Breakfast cereals,name/category keywords,,,,,,,,,,
7613032506599,Milky Bar,nestle,Unclassified,none,,,,,,,,,,
7613032589714,mckay ,nestle,Unclassified,none,,,,,,,,,,
7613032835811,Nescafé Decaf,nescafe,Coffee & creamers,brand (clear),,,,,,,,,,
7613032868895,Groente bouillon,maggi,Culinary & meals,brand (clear),,4,1,5.0,0.1,0.2,0.1,1.1,0.3,0.0
7613032869120,Nescafé classic 3 in 1 ,nescafe,Coffee & creamers,brand (clear),,,,,10.6,2.1,2.0,,0.3,
7613033126321,YORKIE,nestle,Chocolate & confectionery,name/category keywords,,,,,,,,,,
7613033150661,La Toscana Prosciutto e Funghi,buitoni,Culinary & meals,brand (clear),,,,,,,,,,
7613033188381,Nescafé Alta Rica Decaff,nescafe,Coffee & creamers,brand (clear),,,,,,,,,,
7613033204722,Kit Kat,nestle,Chocolate & confectionery,name/category keywords,E,4,0,,49.2,27.7,15.5,0.22,6.8,1.9
7613033353321,KitKat,nestle,Chocolate & confectionery,name/category keywords,,,,,,,,,,
7613033358869,Lait maternisé 12-18 mois,nestle,Infant & young child nutrition,name/category keywords,,,,,,,,,,
7613033444333,Nescafé Gold Blend Decaff,nescafe,Coffee & creamers,brand (clear),,,,,,,,,,
7613033537103,Espresso,nescafe,Coffee & creamers,brand (clear),,,,,3.1,0.2,0.1,,7.8,34.1
7613033538490,,nescafe,Coffee & creamers,brand (clear),,,,,,,,,,
7613034044235,Lait de croissance,nestle,Infant & young child nutrition,name/category keywords,,,,70.0,4.9,2.5,0.2,0.1,2.1,
7613034074492,nescafé gold crema,nescafe,Coffee & creamers,brand (clear),,,,,,,,,,
7613034228178,Céréales Nesquik Au Goût Chocolat,nestle,Breakfast cereals,name/category keywords,C,4,0,369.0,24.9,1.7,0.6,0.44,8.4,8.7
7613034232717,Jambon Herta,herta,Culinary & meals,brand (clear),,,,,,,,,,
7613034409546,Coffee,nescafe,Coffee & creamers,brand (clear),,,,,,,,,,
7613034645029,Cake Vanille,nestle,Chocolate & confectionery,name/category keywords,,,,,,,,,,
7613034701268,,nestle,Unclassified,none,,,,,,,,,,
7613034753526,Smarties,nestle,Chocolate & confectionery,name/category keywords,,,,,,,,,,
7613034849212,Original Shreddies,nestle,Breakfast cereals,name/category keywords,,,,,,,,,,
7613034855220,Nescafé Gold finesse,nescafe,Coffee & creamers,brand (clear),,,,,,,,,,
7613034883827,Lapin de Pâques blanc vanille,cailler,Chocolate & confectionery,brand (clear),,,,,,,,,,
7613034919069,Nestle Aero Bubbles,nestle,Chocolate & confectionery,name/category keywords,,,,,,,,,,
7613034981004,Cereal,nestle,Breakfast cereals,name/category keywords,,,,,0.0,,0.0,,,
7613035025950,Nestlé P'tit Brassé saveur Nature Sucré,nestle,Infant & young child nutrition,name/category keywords,,4,1,79.0,6.5,2.7,1.7,0.09,2.9,0.5
7613035027664,Nestle Desert 65% kakao,nestle,Unclassified,none,,,,,,,,,,
7613035086388,Sélection Côté d'Ivoire,cailler,Chocolate & confectionery,brand (clear),,,,,,,,,,
7613035093331,Granko,nestle,Beverages,name/category keywords,,4,0,383.0,78.0,3.2,1.4,0.29,4.4,
7613035219328,,nestle,Unclassified,none,,,,,,,,,,
7613035260566,Ristretto,nescafe,Coffee & creamers,brand (clear),,,,,,,,,,
7613035267473,Gold,nescafe,Coffee & creamers,brand (clear),,,,,,,,,,
7613035310193,Nesquik,nestle,Breakfast cereals,name/category keywords,,4,0,,,,,,,
7613035460690,Nescafe 3in1 choco hazelnut,nescafe,Coffee & creamers,brand (clear),,4,6,,62.1,11.9,11.1,0.75,1.4,2.8
7613035502147,,nestle,Unclassified,none,,,,,,,,,,
7613035673687,CAFÉ VIENNOIS,cailler,Chocolate & confectionery,brand (clear),,,,,,,,,,
7613035687721,Fitness Sabor a Chocolate,nestle,Breakfast cereals,name/category keywords,C,4,3,400.0,16.7,6.67,5.0,0.75,6.67,10.0
7613035734760,sopa para uno,maggi,Culinary & meals,brand (clear),,,,,,,,,,
7613035763395,,nestle,Unclassified,none,,,,,,,,,,
7613035797611,C ideja za piletina u sosu od spanaća,nestle,Beverages,name/category keywords,,,1,,10.1,10.1,4.8,20.2,18.4,8.7
7613035857278,Začin C,nestle,Beverages,name/category keywords,,4,0,,23.0,0.4,0.1,58.5,5.7,3.5
7613035882171,"Ateliér - borůvky, ořechy a mandle",nestle,Chocolate & confectionery,name/category keywords,E,4,0,,36.0,36.0,17.0,0.02,7.7,13.0
7613035903524,Lion white 2 pack,nestle,Chocolate & confectionery,name/category keywords,E,4,0,,50.1,22.1,12.5,0.58,5.7,0.4
7613035983519,C Kraljevska goveđa supa,nestle,Culinary & meals,name/category keywords,,4,2,,0.68,0.16,0.08,0.84,0.64,0.6
7613035983571,C Kraljevska kokošja supa,nestle,Culinary & meals,name/category keywords,C,4,2,,10.7,3.8,1.4,12.2,9.2,8.8
7613036008198,,nestle,Unclassified,none,,,,,,,,,,
7613036037907,Mediterran dressing,thomy,Culinary & meals,brand (clear),,,,,,,,,,
7613036085298,Bavarska pileća supa sa griz knedlama,maggi,Culinary & meals,brand (clear),,4,2,,0.44,0.96,0.4,0.84,0.72,0.4
7613036104128,C krem supa spanać,nestle,Culinary & meals,name/category keywords,,,1,,0.68,0.6,0.24,0.84,0.92,0.28
7613036104142,C krem supa brokoli,nestle,Culinary & meals,name/category keywords,,,1,,1.48,0.56,0.28,0.84,1.24,0.36
7613036177757,Shreddies,nestle,Breakfast cereals,name/category keywords,C,,,364.0,13.0,1.8,0.3,0.72,11.0,
7613036214636,C ideja za Lovačke šnicle,nestle,Beverages,name/category keywords,,4,1,,15.1,28.0,16.2,9.7,11.3,1.8
7613036230643,Blackwhite limited edition,nestle,Chocolate & confectionery,name/category keywords,E,4,2,,47.4,22.2,12.7,0.53,6.2,1.5
7613036332606,,thomy,Culinary & meals,brand (clear),,,,,,,,,,
7613036471220,Lion blackwhite,nestle,Chocolate & confectionery,name/category keywords,E,,,,47.4,22.2,12.7,0.53,6.2,1.5
7613196011663,LC1 Randen und Apfel ,nestle,Unclassified,none,,,,,,,,,,
7616100018260,Nedo,nestle,Unclassified,none,,,,0.498,40.1,26.1,17.3,0.259,24.1,
76101793,Desboeufs,thomy,Culinary & meals,brand (clear),,,,,,,,,,
7630030384523,Cafezino bo Brasil,nespresso,Coffee & creamers,brand (clear),,,,,,,,,,
7630030384875,Nespresso Variations Apfelstrudel 1 Sleeve (10 Capsules),nespresso,Coffee & creamers,brand (clear),,,,,,,,,,
7640156771299,Roma,nespresso,Coffee & creamers,brand (clear),,,,,,,,,,
7640156771473,,nespresso,Coffee & creamers,brand (clear),,,,,,,,,,
7702024050933,Cocoselle sandwich,nestle,Unclassified,none,,,,450.0,35.0,15.0,7.5,0.635,5.0,2.5
77881212,Maggie Rich Tomato sauce,maggi,Culinary & meals,brand (clear),,,,,,,,,,
7792799578756,,nestle,Unclassified,none,,,,,,,,,,
7802950002164,,nescafe,Coffee & creamers,brand (clear),,,,,,,,,,
7891000001806,Creme de Aspargos,maggi,Culinary & meals,brand (clear),,,,,,,,,,
7891000009437,Nescau,nestle,Dairy & milk drinks,name/category keywords,,,,,,,,,,
7891000051351,Passatempo,nestle,Unclassified,none,,,,,,,,,,
7891000062746,Formula Nan Pro 1,nestle,Infant & young child nutrition,name/category keywords,,,,,,,,,,
7891000062784,Formula Nan Pro 1,nestle,Infant & young child nutrition,name/category keywords,,,,,,,,,,
7891000063361,,nescafe,Coffee & creamers,brand (clear),,,,,,,,,,
7891000070765,Leite em Pó Integral,ninho,Dairy & milk drinks,name/category keywords,,,,,,,,,,
7891000076217,Levinho,ninho,Dairy & milk drinks,brand (default),,,,,,,,,,
7891000076415,Cappuccino,nescafe,Coffee & creamers,brand (clear),,,,,,,,,,
7891000080290,Cappuccino Tradicional,nescafe,Coffee & creamers,brand (clear),,,,,,,,,,
7891000089859,Morango & Cereais,nesfit,Breakfast cereals,name/category keywords,,,,,,,,,,
7891000090893,Suflair Dark,nestle,Unclassified,none,,,,,,,,,,
7891000100233,Biscoito Coco,nesfit,Chocolate & confectionery,name/category keywords,,,,,,,,,,
7891000100530,Nesfit,nestle,Breakfast cereals,name/category keywords,,,,,,,,,,
7891000101636,Leite pó actifibras,molico,Dairy & milk drinks,name/category keywords,,,,,,,,,,
7891000101957,Nestlé Especialidades,nestle,Unclassified,none,,,,,,,,,,
7891000102299,Tempero maggi base 25g ervas finas,maggi,Culinary & meals,brand (clear),,,,,,,,,,
7891000102336,Tempero Maggi base 25g Galinha caipira,maggi,Culinary & meals,brand (clear),,,,,,,,,,
7891000103104,Tempero Maggi base 25g Frango azeite,maggi,Culinary & meals,brand (clear),,,,,,,,,,
7891000103692,Tempero maggi base 25g tomate e azeite,maggi,Culinary & meals,brand (clear),,,,,,,,,,
7891000104927,Barra de cereal Morango,nesfit,Breakfast cereals,name/category keywords,,,,,,,,,,
7891000104965,Cereal barra Avelã Chocolate,nesfit,Breakfast cereals,name/category keywords,,,,,,,,,,
7891000108277,Moça,nestle,Unclassified,none,,,,,,,,,,
7891000109236,Bebida láctea Senior chocolate,nestle,Chocolate & confectionery,name/category keywords,,,,,,,,,,
7891000109670,Bebida Aveia Integral,nesfit,Beverages,name/category keywords,,,,,,,,,,
7891000109694,Arroz Integral,nesfit,Culinary & meals,name/category keywords,,,,,,,,,,
7891000109717,Farinha Láctea Multi Cereais,nestle,Breakfast cereals,name/category keywords,,,,,,,,,,
7891000110874,,nestle,Beverages,name/category keywords,,,,,,,,,,
7891000112403,Bebida láctea Senior mix frutas,nestle,Beverages,name/category keywords,,,,,,,,,,
7891000112946,Fases 1+,ninho,Dairy & milk drinks,brand (default),,,,,,,,,,
7891000113417,kitkat,nestle,Chocolate & confectionery,name/category keywords,,,,,,,,,,
7891000114926,Nesfit,nestle,Breakfast cereals,name/category keywords,,,,,,,,,,
7891000115985,Leite pó Levinho,ninho,Dairy & milk drinks,name/category keywords,,,,,,,,,,
7891000117125,Biscoito L4P3,nesfit,Chocolate & confectionery,name/category keywords,,,,,,,,,,
7891000118610,Laranja & Cenoura,nesfit,Chocolate & confectionery,name/category keywords,,,,,,,,,,
7891000118788,Granola Tradicional,nesfit,Breakfast cereals,name/category keywords,,,,,,,,,,
7891000118795,Granola frutas,nesfit,Breakfast cereals,name/category keywords,,,,,,,,,,
7891000118887,Granola Frutas,nesfit,Breakfast cereals,name/category keywords,,,,,,,,,,
7891000119037,Granola,nesfit,Breakfast cereals,name/category keywords,,,,,,,,,,
7891000119952,,nescau,Dairy & milk drinks,brand (default),,,,,,,,,,
7891000241547,Complemento alimentar Senior Baunilha,nestle,Unclassified,none,,,,,,,,,,
7891000242636,Tempero Maggi 40g Natusabor alho e cebola,maggi,Culinary & meals,brand (clear),,,,,,,,,,
7891000247785,2.0,nescau,Dairy & milk drinks,brand (default),,,,,,,,,,
7891000248201,Biscoito Limão e cereais,nesfit,Breakfast cereals,name/category keywords,,,,,,,,,,
7891000249901,Caldo tablete Maggi 57g Picanha,maggi,Culinary & meals,brand (clear),,,,,,,,,,
7891000250112,Caldo Carne Leve 6 Pague 5 Grátis 1 Tablete,maggi,Culinary & meals,brand (clear),,,,,,,,,,
7891000250747,,nestle,Unclassified,none,,,,,,,,,,
7891000250808,,molico,Dairy & milk drinks,brand (default),,,,,,,,,,
7891000250822,,ninho,Dairy & milk drinks,brand (default),,,,,,,,,,
7891000250907,Leite mais proteína,molico,Dairy & milk drinks,name/category keywords,,,,,,,,,,
7891000250938,Complemento alimentar Nutrição reforçada,ninho,Dairy & milk drinks,brand (default),,,,,,,,,,
7891000251430,Caldo tablete Galinha Maggi 152g Galinha,maggi,Culinary & meals,brand (clear),,,,,,,,,,
7891000251454,Caldo tablete Galinha Maggi 152g Carne,maggi,Culinary & meals,brand (clear),,,,,,,,,,
7891000251904,Achocolatado pó 3.0,nescau,Dairy & milk drinks,brand (default),,,,,,,,,,
7891000253540,Caldo tablete Maggi 57g menos sódio galinha,maggi,Culinary & meals,brand (clear),,,,,,,,,,
7891000253564,Caldo Carne,maggi,Culinary & meals,brand (clear),,,,,,,,,,
7891000255742,Cookie integral banana,nesfit,Chocolate & confectionery,name/category keywords,,,,,,,,,,
7891000255889,,nesfit,Beverages,name/category keywords,,,,,,,,,,
7891000255919,Bebida aveia Cacau integral,nesfit,Beverages,name/category keywords,,,,,,,,,,
7891000255933,Biscoito integral sem glúten Banana e canela,nesfit,Chocolate & confectionery,name/category keywords,,,,,,,,,,
7891000255957,Biscoito integral sem glúten Cacau e cereais,nesfit,Breakfast cereals,name/category keywords,,,,,,,,,,
7891000255971,Cebola e Salsa,nesfit,Culinary & meals,name/category keywords,,,,,,,,,,
7891000256312,Sopa de Casa = Sopão Carne com Legumes + Legumes,maggi,Culinary & meals,brand (clear),,,,,,,,,,
7891000256336,Sopa de Casa = Sopão Galinha com legumes + Legumes,maggi,Culinary & meals,brand (clear),,,,,,,,,,
7891000256879,Crescidinhos Sabor Baunilha,nestle,Unclassified,none,,,,,,,,,,
7891000257982,4 Grãos,nescau,Dairy & milk drinks,brand (default),,,,,,,,,,
7891000259115,Espinafre e Gergelim,nesfit,Unclassified,none,,,,,,,,,,
7891000259290,Chia e Manjericão,nesfit,Unclassified,none,,,,,,,,,,
7891000259313,Linhaça e Sabor Azeitona,nesfit,Unclassified,none,,,,,,,,,,
7891000259337,Quinoa e Alho-Poró,nesfit,Unclassified,none,,,,,,,,,,
7891000259375,Tomate e Gergelim,nesfit,Unclassified,none,,,,,,,,,,
7891000529201,Caldo de Legumes Maggi,maggi,Culinary & meals,brand (clear),,,,,,,,,,
7891000584804,Sopão Maggi Feijão ,maggi,Culinary & meals,brand (clear),,,,,,,,,,
8000500087787,nutella,nestle,Unclassified,none,,,,,,,,,,
8091781480497,,nestle,Unclassified,none,,,,,,,,,,
8585002421081,Kippenbouillon,maggi,Culinary & meals,brand (clear),,4,6,3.0,0.1,0.1,0.1,0.4,0.1,0.0
8585002430984,C Kokošija kocka,nestle,Culinary & meals,name/category keywords,,4,1,,3.5,20.4,12.1,39.4,4.8,0.7
8585002432605,Paddestoelen,maggi,Culinary & meals,brand (clear),,4,1,3.0,0.04,0.24,0.16,0.48,0.1,0.0
8585002433299,Francouzská polévka,maggi,Culinary & meals,brand (clear),,,,,,,,,,
8585002483010,,maggi,Culinary & meals,brand (clear),,,,,,,,,,
8593893110151,peprmintky v hořké čokoládě,nestle,Unclassified,none,,,,,,,,,,
8593893110526,mléčná,nestle,Chocolate & confectionery,name/category keywords,E,,,,52.6,33.9,19.1,0.12,6.3,3.0
8593893110632,čokoláda na vaření,nestle,Unclassified,none,,,,,,,,,,
8593893742789,Studentská pečeť,nestle,Chocolate & confectionery,name/category keywords,E,4,4,507.0,53.0,28.0,14.0,0.12,6.9,2.7
8593893747869,Modré z nebe Pistáciové košíčky,nestle,Unclassified,none,,,,,,,,,,
8593893755345,Hořká čokoláda 68%,nestle,Chocolate & confectionery,name/category keywords,E,4,0,561.0,28.0,41.0,24.0,0.3,8.4,11.0
8593893755680,meruňka se špetkou chilli 68%,nestle,Chocolate & confectionery,name/category keywords,E,,,,31.0,37.0,22.0,0.03,8.1,11.0
8606018610143,Aloma šumsko voće,nestle,Dairy & milk drinks,name/category keywords,C,4,6,,18.1,3.1,2.6,0.07,0.9,
8606018610181,Aloma 3in1,nestle,Dairy & milk drinks,name/category keywords,C,4,8,,13.9,3.9,3.2,0.09,1.3,
8607100567185,Začin C,nestle,Beverages,name/category keywords,,4,0,,23.0,0.4,0.1,58.5,5.7,3.5
8607100570543,C ideja za piletina sa 4 vrste sira,nestle,Beverages,name/category keywords,,4,1,,6.0,17.4,9.1,13.3,13.0,0.8
8607100572301,Dalmatinska juha,maggi,Culinary & meals,brand (clear),C,4,3,305.0,6.9,1.9,1.3,15.2,9.9,3.3
8607100572691,C krem supa od povrća,nestle,Culinary & meals,name/category keywords,C,,1,,17.5,10.7,5.1,11.5,8.1,8.5
8607100572899,KitKat,nestle,Chocolate & confectionery,name/category keywords,E,,0,,49.4,27.9,15.6,0.21,7.0,1.7
8620771298875,Lungo Leggero,nespresso,Coffee & creamers,brand (clear),,,,,,,,,,
8690632072012,chokella (pâte à tartiner),nestle,Unclassified,none,,,,,,,,,,
8717896005508,Lait,nestle,Dairy & milk drinks,name/category keywords,,,,,,,,,,
8801055706020,,nescafe,Coffee & creamers,brand (clear),,,,,,,,,,
8850125069923,Nescafe,nescafe,Coffee & creamers,brand (clear),,,,,,,,,,
8850125077324,เนสกาแฟ เอ็กซตร้าริช,nescafe,Coffee & creamers,brand (clear),D,,0,44.4,7.78,0.556,0.0,0.153,0.556,0.556
8850127003888,เนสกาแฟ ดาร์คโรส,nescafe,Coffee & creamers,brand (clear),B,4,3,50.0,0.556,0.833,0.278,0.155,0.556,8.89
8850453017528,ไอศกรีมดัดแปลงผสมรสช็อกโกแลตมอลต์สอดไส้ไซรัปกลิ่นนมเคลือบช็อกโกแลต - 55 g,nestle,Unclassified,none,D,4,7,200.0,20.0,9.09,4.55,0.136,1.82,0.0
8901058817836,Nescafe Classic Coffee,nescafe,Coffee & creamers,brand (clear),,,,,,,,,,
8901058844627,Cerelac,nestle,Infant & young child nutrition,name/category keywords,,,,,,,,,,
8901058844894,maggi rich tomato ketchup pichkoo,nestle,Culinary & meals,name/category keywords,,,,,,,,,,
8901058856293,Masala Magic,nestle,Unclassified,none,,,,,,,,,,
8901058857245,Kitkat,nestle,Chocolate & confectionery,name/category keywords,,,,,,,,,,
8961008203058,,nescafe,Coffee & creamers,brand (clear),,,,445.0,56.8,19.0,10.2,1.27,10.5,2.0
8961008205113,Nestle pure life,nestle,Beverages,name/category keywords,,1,,,,,,,,
8992696406711,Nescafé Original Coffee,nestle,Coffee & creamers,name/category keywords,,,,,,,,,,
8992696419766,Sweetened Condensed Milk,nestle,Dairy & milk drinks,name/category keywords,,,,,,,,,,
8992696427679,3 in 1 strong,nescafe,Coffee & creamers,brand (clear),,,,90.0,,2.0,2.0,,,
9002100017330,,maggi,Culinary & meals,brand (clear),,,,,,,,,,
9002100022457,Bouillon de légume,maggi,Culinary & meals,brand (clear),,,,,,,,,,
9300605001305,Lait sunshine,nestle,Dairy & milk drinks,name/category keywords,,,,,,,,,,
9300605039278,Milo,nestle,Dairy & milk drinks,name/category keywords,,,,394.35947,46.5,10.0,6.0,0.3,12.0,
9300605093263,Nescafe Classic,nescafe,Coffee & creamers,brand (clear),,1,0,,,,,,,
9300605111363,KitKat Dark Chocolate Block,nestle,Chocolate & confectionery,name/category keywords,E,4,3,,46.7,28.5,16.1,0.1075,5.2,
9300605116412,Chewy Lamington Flavour Granola Bars,nestle,Breakfast cereals,name/category keywords,C,4,4,,13.8,10.8,3.2,0.05334,7.1,12.1
9300605122482,,nescafe,Coffee & creamers,brand (clear),,,,,,,,,,
9300605244344,Kit Kat Chunky,nestle,Chocolate & confectionery,name/category keywords,E,4,2,,52.2,28.2,17.7,0.1778,6.5,
9300744003857,alpen blend European style drinking chocolate ,nestle,Chocolate & confectionery,name/category keywords,,4,1,,18.4,7.8,5.4,0.3175,8.0,
9310053101557,,nestle,Unclassified,none,,,,,,,,,,
9400556004957,,maggi,Culinary & meals,brand (clear),,,,,,,,,,
9556001180360,,maggi,Culinary & meals,brand (clear),,,,,,,,,,
9556001201652,Original 3 in 1 coffee,nescafe,Coffee & creamers,brand (clear),,,,427.0,0.0,11.0,0.0,0.0,2.0,
9556001223463,,maggi,Culinary & meals,brand (clear),,,,,,,,,,
9556001228697,Nestle Omega Plus Milk with Oats,nestle,Dairy & milk drinks,name/category keywords,,,,,,,,,,
9618564037403,Moutarde mi-forte,thomy,Culinary & meals,brand (clear),,,,,,,,,,
10642227,,maggi,Culinary & meals,brand (clear),,,,,,,,,,
6281100585114,Nestlé pure life,nestle,Unclassified,none,,,,,,,,,,
9300605038271,Milo Cereals,nestle,Breakfast cereals,name/category keywords,C,4,1,384.79922,26.9,4.8,1.3,0.275,9.0,7.9
9300605095663,Cafe soluble,nescafe,Coffee & creamers,brand (clear),,,,4.1,1.0,1.0,1.0,,1.0,
6917878006918,Créales koko crunch,nestle,Breakfast cereals,name/category keywords,,,0,,,3.7,,0.40132,8.3,4.7
16101067,,thomy,Culinary & meals,brand (clear),,,,,,,,,,
7613034737106,,nescafe,Coffee & creamers,brand (clear),,,,,,,,,,
7630039648480,Robusta Uganda,nespresso,Coffee & creamers,brand (clear),,,,,,,,,,
7613036332736,original decaff,nescafe,Coffee & creamers,brand (clear),,,,,,,,,,
9300605117563,Kitkat caramel pretzel,nestle,Chocolate & confectionery,name/category keywords,,,,,,,,,,
0050000214747,"Coffee creamer, dulce de leche caramel cheesecake",coffee-mate,Coffee & creamers,brand (clear),D,4,4,233.0,33.33,10.0,0.0,0.0825,0.0,0.0
9300605120112,O&G crunchy granola,nestle,Breakfast cereals,name/category keywords,,,,,,,,,,
0059800500326,,nestle,Unclassified,none,,,,,,,,,,
03116685,Lion,nestle,Breakfast cereals,name/category keywords,D,4,0,410.0,28.7,7.4,3.1,0.5,7.5,5.4
7613036353328,Fitness,nestle,Unclassified,none,,,,,,,,,,
0065000134001,Chocolat chaud,nestle,Chocolate & confectionery,name/category keywords,,,,,,,,,,
10335161,,nestle,Unclassified,none,,,,,,,,,,
5900020004451,gold honey nut flakes,nestle,Unclassified,none,,,,394.0,29.7,4.6,0.0,0.0,7.6,3.4
7290013997395,Vegetarische filet americain,garden-gourmet,Culinary & meals,brand (clear),D,,,260.0,0.7,21.0,2.2,1.8,9.4,2.0
6130137000612,Nesquik,nestle,Dairy & milk drinks,name/category keywords,,,,385.0,77.11,3.0,1.44,0.68,4.5,
7613035068377,dolca,nescafe,Coffee & creamers,brand (clear),,,0,,,,,,,
7613035082229,Clássico Intenso,nescafe,Coffee & creamers,brand (clear),,1,0,,,,,,,
6111018101000,Cerelac,nestle,Infant & young child nutrition,name/category keywords,,,,418.0,2.0,10.0,0.0,0.2,14.0,
07920523,Sweetarts chewy,nestle,Chocolate & confectionery,name/category keywords,E,4,8,361.70212,70.21277,2.1276596,2.1276596,0.026595745,0.0,0.0
6181002010236,Nescafé classic,nescafe,Coffee & creamers,brand (clear),,,0,75.0,0.0,0.4,0.0,0.275,8.0,14.0
4606272025718,Céréales,nestle,Breakfast cereals,name/category keywords,,,,355.0,10.8,2.6,1.0,0.45,9.7,8.0
8901058859331,milkybar ( choo - mix fruit ),nestle,Chocolate & confectionery,name/category keywords,,,,,,,,,,
8717896007045,NIDO,nestle,Dairy & milk drinks,name/category keywords,,,,,,,,,,
6009188001131,Ricoffy,nescafe,Coffee & creamers,brand (clear),,4,1,,16.8,0.0,0.0,0.256,5.6,6.4
7501000910366,,gerber,Infant & young child nutrition,brand (clear),,,,,,,,,,
6033000085726,Poudre lactée,nestle,Unclassified,none,,,,500.0,44.0,28.0,13.1,0.355,18.0,
7613035697522,,nescafe,Coffee & creamers,brand (clear),,,,,,,,,,
42128373,bouillon poule vermicelles,maggi,Culinary & meals,brand (clear),,,0,,,,,,,
8593893758988,,nestle,Unclassified,none,,,,,,,,,,
8690632016474,Oat soup chicken,maggi,Culinary & meals,brand (clear),,,,327.0,4.4,6.9,2.2,,10.5,8.0
6171100031110,Nescafé,nescafe,Coffee & creamers,brand (clear),,,0,3.0,0.0,,,0.0,,
7613031370672,Smarties Fun Cone,nestle,Chocolate & confectionery,name/category keywords,,,,,,,,,,
9300605094697,Kit Kat Chunky bar 50g,nestle,Chocolate & confectionery,name/category keywords,E,4,2,521.0,50.6,27.6,15.4,0.175,6.0,
7613034533012,,nescafe,Coffee & creamers,brand (clear),,,,,,,,,,
34102886,,coffee-mate,Coffee & creamers,brand (clear),,,,,,,,,,
4891118075365,Nestlé KoKoKrunch Chocolate Cereal Bars,nestle,Breakfast cereals,name/category keywords,,4,5,,,,,,,
6130137000537,Gloria,nestle,Dairy & milk drinks,name/category keywords,,4,1,493.0,39.8,26.2,16.24,0.76,24.4,
4606272022274,Шарики и подушечки. Готовый шоколадный завтрак,nesquik,Dairy & milk drinks,brand (default),,,,378.0,24.0,9.4,1.3,0.15,8.6,9.7
6111018901693,céréales infantil au lait,nestle,Breakfast cereals,name/category keywords,,,,418.0,68.0,10.0,10.0,0.2,14.0,
7613033693120,Nescafe Dolce Gusto Caramel Macchiato,nescafe,Coffee & creamers,brand (clear),,,,398.0,45.1,15.1,8.6,0.141,12.6,
6253501790077,Nestle Pure Life Water 25 / 6 -,nestle,Beverages,name/category keywords,,,,0.0,0.0,0.0,0.0,0.0,0.0,0.0
6009188001605,nestle cremora,nestle,Coffee & creamers,name/category keywords,,,,,0.8,34.1,19.7,0.06096,1.6,2.7
7613035217768,,nescafe,Coffee & creamers,brand (clear),,,,,,,,,,
9300605228771,Milky bar,nestle,Chocolate & confectionery,name/category keywords,E,4,2,,54.9,34.4,20.0,0.2025,7.8,
0210011029338,Céréales Fitness,nestle,Breakfast cereals,name/category keywords,,,,,,,,,,
6221007019176,maggi less salt,maggi,Culinary & meals,brand (clear),,,,6.59,0.18,0.479,0.359,0.608,0.12,0.0
6221007030027,,nesquik,Dairy & milk drinks,brand (default),,,,,,,,,,
02912196,Cappucino,nescafe,Coffee & creamers,brand (clear),,4,3,28.0,3.7,0.6,0.5,0.06,0.7,0.4
5204739612649,Înghețată cu aromă de ciocolată,nestle,Unclassified,none,D,4,1,,24.7,13.7,8.5,0.11,2.8,1.2
7613036521703,Chocolait Chips Winter Edition,nestle,Chocolate & confectionery,name/category keywords,,,,,,,,,,
5900635500027,woda źródlana Nestlé Pure Life,nestle,Beverages,name/category keywords,,1,,,,,,,,
6917878003573,Nestle Eagle - Condensed Milk Tube (original) 185G,nestle,Dairy & milk drinks,name/category keywords,E,,,329.0,55.8,8.3,5.5,0.325,7.7,
4005500052180,golden roasted,nescafe,Coffee & creamers,brand (clear),,,,,,,,,,
0050000582815,"Coffee creamer, peppermint mocha",coffee-mate,Coffee & creamers,brand (clear),D,4,4,233.0,33.33,10.0,0.0,0.0825,0.0,
7613034680778,Nestle Nestum,nestle,Infant & young child nutrition,name/category keywords,,,0,,,,,,,
9300605063587,PLUS ™ Antioxidants,nestle,Breakfast cereals,name/category keywords,C,4,1,,21.2,1.5,0.5,0.508,7.25,11.2
6130794000161,Nestlé,nestle,Unclassified,none,,,0,,,,,,,
7042115003456,suppebuljong,maggi,Culinary & meals,brand (clear),,,,182.0,,,,,,
46080011,Кофе STRONG,nescafe,Coffee & creamers,brand (clear),,,0,,,,,,,
4005500219101,Espresso,nescafe,Coffee & creamers,brand (clear),,,,,,,,,,
40057361,Smarties Egg,nestle,Chocolate & confectionery,name/category keywords,,,,,,,,,,
7610100010750,Fondor,maggi,Culinary & meals,brand (clear),,,,,,,,,,
7610100018534,Fondor,maggi,Culinary & meals,brand (clear),,,,,,,,,,
76101342,Mini,cailler,Chocolate & confectionery,brand (clear),,,,,,,,,,
7613034858672,Gold all'italiana,nescafe,Coffee & creamers,brand (clear),,,,,,,,,,
7613034858634,Gold serenade,nescafe,Coffee & creamers,brand (clear),,,,,,,,,,
7613169807170,Corn Flakes Gluten Free,nestle,Breakfast cereals,name/category keywords,,,,,,,,,,
7613196007543,Lc1,nestle,Unclassified,none,,,,,,,,,,
7613196011120,LC1,nestle,Unclassified,none,,,,,,,,,,
7891000529003,Caldo carne (Maggi),maggi,Culinary & meals,brand (clear),,,,,,,,,,
6130137000520,Nesquik,nestle,Chocolate & confectionery,name/category keywords,E,,0,125.0,75.6,2.9,1.5,0.6,5.7,
7613033967320,Lion,nestle,Chocolate & confectionery,name/category keywords,,,,,,,,,,
7891000257197,leite molico,nestle,Dairy & milk drinks,name/category keywords,,,,,,,,,,
12500116,,nestle,Unclassified,none,,,,,,,,,,
6130137000636,Nutrifort Gloria Lait,nestle,Dairy & milk drinks,name/category keywords,,,,,,,,,,
7861001236712,Chocolate blanco con leche y arroz crocante,nestle,Chocolate & confectionery,name/category keywords,E,,,550.0,49.7,33.0,20.5,0.292862,8.5,1.6
6111018901723,Cerelac,nestle,Infant & young child nutrition,name/category keywords,,,,411.0,2.0,20.0,5.0,50.0,13.5,
13078917,,nestle,Unclassified,none,,,,,,,,,,
3334710092213,Crunch blanc,nestle,Chocolate & confectionery,name/category keywords,,,,530.0,55.1,28.1,17.4,0.71,6.9,
7460123432905,Maggi soup it up veggie,maggi,Culinary & meals,brand (clear),,,,,,,,,,
7616100377145,Nido,nestle,Dairy & milk drinks,name/category keywords,,,0,,,,,,,
7613036219143,BEBA Optipro Bio 12+,nestle,Infant & young child nutrition,name/category keywords,,,,,,,,,,
7613036344593,Naturnes bio,nestle,Infant & young child nutrition,name/category keywords,,4,2,71.0,6.9,1.8,1.4,0.08,1.9,
0043695071122,Hickory ham & cheddar sandwiches,nestle,Unclassified,none,D,4,13,212.6,2.36,7.09,3.94,1.22,7.09,0.79
6294003581695,Nido,nestle,Dairy & milk drinks,name/category keywords,,,,436.0,43.1,16.1,10.6,16.0,15.1,
05428212,Kit Kat Chunky,nestle,Chocolate & confectionery,name/category keywords,E,4,2,528.0,49.7,28.5,16.5,0.25,7.75,1.5
7613036357982,Nescafe 3 en 1,nescafe,Coffee & creamers,brand (clear),,,,,,,,,,
7613036704069,Aero chocolate,nestle,Chocolate & confectionery,name/category keywords,,,0,,,,,,,
8888082008860,Nescafé Deluxe,nescafe,Coffee & creamers,brand (clear),,,,,,,,,,
8593893762138,Já pistácie,nestle,Chocolate & confectionery,name/category keywords,,,,,,,,,,
8593893762114,Tyčinka mléčná kokosová,nestle,Unclassified,none,,,,,,,,,,
7613035507043,,nestle,Unclassified,none,,,,,,,,,,
9556001129963,2 Minute Noodles Curry Flavour,maggi,Culinary & meals,brand (clear),,4,8,445.0,,17.9,,,,
3033710051052,Lait consentré sucré,nestle,Dairy & milk drinks,name/category keywords,,,,,,,,,,
7622210971678,Zorg,nestle,Chocolate & confectionery,name/category keywords,E,4,0,545.0,48.0,34.0,16.0,0.29,8.8,4.2
7613036883443,Beba junior 18+,nestle,Infant & young child nutrition,name/category keywords,,,,,,,,,,
8850128030074,เนสกาแฟเรดคัพ,nescafe,Coffee & creamers,brand (clear),,,0,,,,,,,
9300605126244,Kit Kat Chunky - Cookie Dough,nestle,Chocolate & confectionery,name/category keywords,E,,,540.0,50.5,31.6,17.6,0.105,7.7,
7613036318143,Douce Gusto Colombia,nestle,Coffee & creamers,name/category keywords,,,0,,,,,,,
04681144,mayonnaise light,thomy,Culinary & meals,brand (clear),,,,,,,,,,
7613035731653,Nestle Baby Cereals Pyjama Apf Birne Cereal 250 G,nestle,Breakfast cereals,name/category keywords,,,,,,,,,,
9556001185679,Oh So Nuty,nescafe,Coffee & creamers,brand (clear),,,,,,,,,,
42370512,,thomy,Culinary & meals,brand (clear),,,,,,,,,,
7613036847995,NAN Optipro,nestle,Infant & young child nutrition,name/category keywords,,,,,,,,,,
0016000143784,Cinnamon Toast Crunch,nestle,Breakfast cereals,name/category keywords,,,,129.0,9.18,3.0,0.3,,1.56,1.65
6294003579845,Classic ice,nescafe,Coffee & creamers,brand (clear),,,,85.0,60.2,12.7,6.4,0.06,3.0,
7613033065569,,nestle,Unclassified,none,,,,,,,,,,
8850125072350,Blend & Brew…,nescafe,Coffee & creamers,brand (clear),,,0,80.0,7.0,2.0,2.0,,1.0,
8850125088160,เนสกาแฟ อเมริกาโน่,nescafe,Coffee & creamers,brand (clear),,,0,365.0,72.9,,,0.794,,
8888082121323,,nescafe,Coffee & creamers,brand (clear),,,,,,,,,,
7613036651325,Nescafé Gold - Cappuccino,nescafe,Coffee & creamers,brand (clear),,,,22.0,1.6,0.7,0.1,0.03,0.7,
8850124021991,นมสดพร่องมันเนย สเตอริไลส์ ตราหมี,nestle,Unclassified,none,B,,0,42.9,4.29,1.43,0.714,0.0816,2.86,0.714
8850127044034,เนสเล่ไมโล 3-1,milo,Dairy & milk drinks,brand (clear),E,,0,400.0,54.3,5.71,2.86,0.363,11.4,2.86
6294003567965,Nesquik,nestle,Dairy & milk drinks,name/category keywords,,,,407.0,29.5,12.9,7.4,0.49,7.0,
8850125072374,เนสกาแฟ เบลนด์ แอน บลิว เอสเปรสโซ โรสต์,nescafe,Coffee & creamers,brand (clear),,4,8,443.0,44.3,9.49,9.49,0.723,6.33,0.0
8901058859737,Nestle Nan,nestle,Unclassified,none,,,,,,,,0.0,,
6111018300984,Nido,nestle,Dairy & milk drinks,name/category keywords,,,0,,,,,,,
4606272037339,Молочный шоколад с лесным орехом,nestle,Chocolate & confectionery,name/category keywords,,4,1,551.0,,33.0,,,7.0,
8850124010728,Coffeemate Creamer Gold Jar 400G.,coffee-mate,Coffee & creamers,brand (clear),E,,0,545.0,50.0,34.9,17.5,1.0,0.3,
9556001094926,ไมโลช็อกโกบาร์,milo,Dairy & milk drinks,brand (clear),,,0,501.0,52.4,25.5,,0.34798,9.5,
8850127008739,คอฟฟี่เมด,nestle,Dairy & milk drinks,name/category keywords,,,0,,,,,,,
8934804023793,แม็กกี้หุงอร่อย ไก่พริกไทยดำ,maggi,Culinary & meals,brand (clear),,,,,,,,,,
8934804023762,แม็กกี้หุงอร่อย ไก่ผัดพริก,maggi,Culinary & meals,brand (clear),E,,,333.0,33.3,0.0,0.0,15.4,0.0,
8850127003697,น้ำเต้าหู้ผสมธัญพืช,nesvita,Dairy & milk drinks,name/category keywords,E,,0,400.0,40.0,8.0,0.0,0.95,16.0,16.0
7613033115295,Maggi Coeur de Bouillon Légumes,maggi,Culinary & meals,brand (clear),,,,163.0,6.5,6.1,0.6,15.3,3.1,
8850125079472,เนสกาแฟโกลด์ คาปูชิโน,nescafe,Coffee & creamers,brand (clear),,4,9,439.0,53.7,9.76,7.32,0.805,14.6,0.0
8850125079496,เนสกาแฟโกลด์ คาปูชิโน,nescafe,Coffee & creamers,brand (clear),,4,8,439.0,53.7,9.76,7.32,0.805,14.6,0.0
4800361399906,ครีมนมคอฟฟี่เมท,nestle,Coffee & creamers,name/category keywords,E,4,6,233.0,33.3,10.0,10.0,0.169,0.0,0.0
8850128030067,เนสกาแฟเรดคัพ,nescafe,Coffee & creamers,brand (clear),,,0,,,,,,,
8850127061697,เนสกาแฟ สมูฟ ลาเต้,nescafe,Coffee & creamers,brand (clear),D,,0,57.9,7.37,1.84,1.05,0.147,2.11,0.526
8850124095008,เนสกาแฟ ลาเต้,nescafe,Coffee & creamers,brand (clear),C,,0,50.0,7.0,1.25,0.75,0.152,2.0,1.0
8850124017987,เนสวีต้า สูตรน้ำตาลน้อยกว่า,nesvita,Breakfast cereals,name/category keywords,D,,0,400.0,26.7,5.0,3.33,0.762,6.67,10.0
8850127003598,เนสวีต้า สูตรน้ำตาลน้อยกว่า,nestle,Breakfast cereals,name/category keywords,D,,0,385.0,15.4,5.77,3.85,0.635,11.5,11.5
8850127008869,เนสท์เล่ คอฟฟีเมต ซอยย์,nestle,Coffee & creamers,name/category keywords,,,0,,,,,,,
8593893744134,Magic Dark Chocolate Box,nestle,Chocolate & confectionery,name/category keywords,,,0,490.0,59.1,23.5,13.2,,4.1,
7613037022421,Falafel spicy,garden-gourmet,Culinary & meals,brand (clear),C,,,204.0,2.0,10.0,1.1,0.88,7.0,
7501059297562,taster's choice descafeinado,nescafe,Coffee & creamers,brand (clear),,,0,,,,,,,
96188460,Rich tomato ketchup,maggi,Culinary & meals,brand (clear),,,,,,,,,,
4200367088048,โกโก้ครั้นช์,nestle,Breakfast cereals,name/category keywords,D,,0,400.0,36.0,4.0,0.0,0.508,8.0,4.0
8850125081895,เนสกาแฟ แบล็คไอซ์,nescafe,Coffee & creamers,brand (clear),,,0,27.8,5.56,0.0,0.0,0.111,0.556,0.0
7613033152566,Extrême Strawberry,nestle,Unclassified,none,,,,,,,,,,
4606272014729,Cereales fitness,nestle,Breakfast cereals,name/category keywords,,,,355.0,10.8,2.6,1.0,0.45,9.7,
8850127061901,เนสวีต้า รสข้าวโพด,nesvita,Breakfast cereals,name/category keywords,,,0,391.0,39.1,2.17,,0.497,8.7,17.4
8850125079458,Gold cappuccino 3 in 1,nescafe,Coffee & creamers,brand (clear),,4,9,439.0,53.7,9.76,7.32,0.793,14.6,0.0
8850125078918,เนสกาแฟ เบลนด์ แอนด์ บลิว สูตรน้ำตาลน้อย,nescafe,Coffee & creamers,brand (clear),,4,6,449.0,32.1,12.8,12.8,1.22,6.41,
7613036180061,Chocapic,nestle,Breakfast cereals,name/category keywords,D,,,385.0,24.9,4.6,1.3,0.33,8.5,
8585002474193,Маги пилешка кавърма,maggi,Culinary & meals,brand (clear),,,0,,,,,,,
9300605082175,,nescafe,Coffee & creamers,brand (clear),,,,,,,,,,
9300605120730,Nesquik banana,nestle,Dairy & milk drinks,name/category keywords,,,,406.0,95.0,0.0,0.0,0.01,0.0,
8801055708178,ครีมเทียมสูตรนม,coffee-mate,Coffee & creamers,brand (clear),,4,2,,,,,,,
7290111561290,Hummus,garden-gourmet,Culinary & meals,brand (clear),C,3,3,,,,,,,
7501058630162,Nestle fitness,nestle,Breakfast cereals,name/category keywords,D,4,5,391.0,30.4,8.7,4.35,0.87,4.35,4.35
7290109358437,Spinazie-kaas rondo,garden-gourmet,Culinary & meals,brand (clear),C,3,0,230.0,0.6,12.0,4.5,1.123,10.0,4.4
7290109358000,Escalope,garden-gourmet,Culinary & meals,brand (clear),B,,,244.0,2.4,12.0,1.3,1.3,16.0,5.0
7613036552806,Ideal cremosita,nestle,Unclassified,none,E,4,3,100.0,11.0,6.2,4.0,0.182,6.0,
9556001087348,ไมโลเวเฟอร์เอนเนอร์จี,nestle,Chocolate & confectionery,name/category keywords,D,,,467.0,40.0,26.0,0.0,0.339,9.33,0.0
8003012005430,Espresso soave,nescafe,Coffee & creamers,brand (clear),,,,,,,,,,
7891000088814,,nescafe,Coffee & creamers,brand (clear),,,,,,,,,,
6211002432513,My cup,nescafe,Coffee & creamers,brand (clear),,,,87.0,11.0,2.2,2.0,0.0,0.3,
7501058633958,Nan Comfort,nestle,Unclassified,none,,,,,,,,0.0,,
7613036444415,Lait de croissance,nestle,Dairy & milk drinks,name/category keywords,,,,,,,,0.0,,
03879160,,maggi,Culinary & meals,brand (clear),,,,,,,,,,
0050000874224,French vanilla coffee creamer,nestle,Coffee & creamers,name/category keywords,E,4,3,500.0,66.67,33.33,16.67,0.4175,0.0,
7613035306929,Lion,nestle,Unclassified,none,,4,3,,,,,,,
8593893003736,milánská směs v čokoládě,nestle,Chocolate & confectionery,name/category keywords,E,4,4,448.0,53.0,19.0,8.5,0.08,6.5,6.7
6917878013619,Cappuccino,nescafe,Coffee & creamers,brand (clear),,,,405.0,54.5,11.5,11.0,0.055,7.5,
0041679933008,Boost,nestle,Health & clinical nutrition,name/category keywords,,,,151.89873,8.438819,5.907173,0.84388185,0.21097046,5.907173,1.2658228
0050000406265,"Dark chocolate almond coffee creamer, dark chocolate almond",coffee-mate,Coffee & creamers,brand (clear),D,4,4,233.0,33.33,10.0,0.0,0.0825,0.0,
0055000491174,Nescafe,nescafe,Coffee & creamers,brand (clear),,,,409.0909,63.636364,0.0,0.0,0.39772728,4.5454545,
12269131,Maggi,maggi,Culinary & meals,brand (clear),,,,92.0,5.0,1.0,1.0,,15.0,1.0
4891118043258,Yaourt nature,nestle,Unclassified,none,,,,86.92308,8.461538,1.5384616,0.7692308,,1.5384616,3.0769231
6001068599400,Tex chocolate,nestle,Chocolate & confectionery,name/category keywords,,,,882.35297,44.705883,25.294119,14.117647,,5.882353,2.3529413
6221007029519,Fitness Toasties,nestle,Unclassified,none,A,,1,369.0,4.0,9.0,1.1,0.36,9.0,8.7
7290111562198,Saucisses,garden-gourmet,Culinary & meals,brand (clear),D,4,2,254.0,3.4,18.0,2.0,1.5,18.0,3.0
7290111566875,Garden Gourmet Quinoa & Broccoli Bakes,garden-gourmet,Culinary & meals,brand (clear),,,,154.0,3.0,7.0,1.0,,6.0,6.0
7613033434440,,nescafe,Coffee & creamers,brand (clear),,,,,,,,,,
7702024081616,Milo,nestle,Chocolate & confectionery,name/category keywords,,,,100.0,13.0,2.0,1.0,,3.0,1.0
8850453015371,Milo Chocolate Icecream,milo,Dairy & milk drinks,brand (clear),D,4,4,235.0,21.6,11.8,6.86,0.147,1.96,0.0
8858705606605,Bear Brand [only one image],nestle,Dairy & milk drinks,name/category keywords,,,,,,,,,,
9556001076342,KitKat  Ice Cream,nestle,Chocolate & confectionery,name/category keywords,,,,227.27272,,12.727273,6.3636365,,2.7272727,
9556001097224,Mat Kool Icy Grape,nestle,Unclassified,none,,,,66.666664,,,,,,
9556001220356,Wholegrain Chicken,maggi,Culinary & meals,brand (clear),,4,6,60.3804,0.0,0.3421,0.0,0.6151315,1.9211,4.0
8901058858358,Multigrain fillows nesplus,nestle,Unclassified,none,,,,405.0,23.9,13.0,5.0,0.133,5.6,
5941017015814,Мура Minis малки шоколадови вафли,nestle,Chocolate & confectionery,name/category keywords,E,4,4,508.0,38.7,27.3,13.4,0.2,5.7,3.1
7613034325723,,nescafe,Coffee & creamers,brand (clear),,,,,,,,,,
8850125092297,น้ำกลิ่นมิกซ์เบอร์รี่,nestle,Beverages,name/category keywords,,,0,0.0,0.0,0.0,0.0,0.0,0.0,0.0
8000300354928,Pops,nestle,Unclassified,none,,,,361.0,25.4,24.5,20.4,0.27,3.8,
6294003584757,Soupe,maggi,Culinary & meals,brand (clear),,,,174.0,7.36,4.96,2.72,1.136,5.6,
7613036923316,МУРА,nestle,Chocolate & confectionery,name/category keywords,E,4,2,563.0,33.7,35.4,17.1,0.52,7.8,1.2
7501059295254,Agüitas,nestle,Beverages,name/category keywords,E,,,29.0,73.0,0.0,0.0,0.0,0.0,0.0
7613033963346,Lion,nestle,Unclassified,none,,4,3,,,,,,,
0093534620240,Nerds,nestle,Chocolate & confectionery,name/category keywords,,,,,,,,,,
8850125073807,ไอศครีมเอสกิโม,nestle,Unclassified,none,C,4,5,167.0,20.0,7.5,3.33,0.191,1.67,0.0
46000194,Nescafe gold crema caffè istantaneo,nescafe,Coffee & creamers,brand (clear),,,,,,,,,,
7613037004533,Ketchup,thomy,Culinary & meals,brand (clear),,,,,,,,,,
7613036584173,Мура шоколад,nestle,Chocolate & confectionery,name/category keywords,E,4,3,552.0,43.0,33.1,16.9,0.27,5.4,1.8
7613036584159,Мура hazelnuts,nestle,Unclassified,none,,4,3,,42.7,,,0.29,5.6,1.7
761303036584357,Мура MEGABite Шоколад,nestle,Chocolate & confectionery,name/category keywords,E,4,3,552.0,42.9,33.1,16.9,0.28,5.4,1.8
3800020486221,Trio,nestle,Unclassified,none,,4,3,,,,,,,
9556001134561,,nestle,Unclassified,none,,,,,,,,,,
7613035250888,Nan,nestle,Unclassified,none,,,,0.0,0.0,0.0,0.0,0.0,0.0,
7613036530811,Мура lemon dreams,nestle,Unclassified,none,,4,6,548.0,42.0,33.0,17.0,,6.0,1.0
4099200025339,Espresso,nescafe,Coffee & creamers,brand (clear),,,,,,,,,,
7613035068414,Café Instantáneo Dolca Suave,nescafe,Coffee & creamers,brand (clear),,,0,,,,,,,
7613033458545,Nescafe Vainilla late,nescafe,Coffee & creamers,brand (clear),,,,398.0,54.0,9.0,8.1,2.8,8.3,
6001068658008,"NESTLE KITKAT 4 Finger White, бял шоколад",nestle,Chocolate & confectionery,name/category keywords,,4,1,,,,,,,
6001068627509,"NESTLE KITKAT 4 Finger Dark 70%, тъмен шоколад",nestle,Chocolate & confectionery,name/category keywords,,4,1,,,,,,,
3800020431825,NESTLÉ® KITKAT® Senses® Лешник,nestle,Chocolate & confectionery,name/category keywords,,4,2,,,,,,,
3800020432129,Мура milk chocolate,nestle,Chocolate & confectionery,name/category keywords,,,,,,,,,,
6111018101031,Cerelac Miel,nestle,Breakfast cereals,name/category keywords,,,,419.5,,9.5,,0.5,13.5,1.5
4820048818408,Chicken noodles,nestle,Culinary & meals,name/category keywords,,4,6,,,,,,,
4820048818472,Телешки noodles,maggi,Culinary & meals,brand (clear),,4,5,,,,,,,
8585002482235,Любима супа пилешка,maggi,Culinary & meals,brand (clear),,4,0,,,,,,,
8585002482952,Любима супа с вкус на шкембе чорба,maggi,Culinary & meals,brand (clear),,4,1,,,,,,,
8585002481146,Любима супа гъбена,maggi,Culinary & meals,brand (clear),,4,0,,,,,,,
8585002483034,Гъбен бульон,maggi,Culinary & meals,brand (clear),,4,2,,,,,,,
8585002474292,Вълшебен вкус пиле,maggi,Culinary & meals,brand (clear),,4,2,,,,,,,
7613037089431,Подправка със зеленчуци,maggi,Culinary & meals,brand (clear),,,0,,,,,,,
8585002474278,Вълшебен вкус 10 зеленчука,maggi,Culinary & meals,brand (clear),,4,3,,,,,,,
2000000101273,Вълшебен вкус пиле,maggi,Culinary & meals,brand (clear),,4,2,,,,,,,
7702024076414,,maggi,Culinary & meals,brand (clear),,,,,,,,,,
7613033131585,Lemon,nestle,Unclassified,none,,,,,,,,0.0,,
9300605100220,Message salted caramel,nescafe,Coffee & creamers,brand (clear),,4,3,72.0,0.0,1.8,1.7,10.4,1.6,0.0
6221007029557,Fitness Toasties,nestle,Unclassified,none,,,,363.0,3.8,9.1,1.1,0.4,9.3,
3800029104294,Familia Galaxy ball,nestle,Dairy & milk drinks,name/category keywords,E,4,4,293.0,27.0,14.0,11.0,0.1,3.0,1.2
7613030198574,NESTLÉ® LION® десерт 42g,nestle,Unclassified,none,,4,3,,,,,,,
3800020424896,NESTLÉ® LZ® бял шоколад.,nestle,Unclassified,none,,4,0,,,,,,,
3800020483879,LZ шоколад,nestle,Unclassified,none,,4,0,,,,,,,
3800020425664,NESTLÉ® KITKAT® POP CHOC® дражета с млечен шоколад,nestle,Chocolate & confectionery,name/category keywords,,4,3,,,,,,,
3800020422489,LION® POP CHOC,nestle,Unclassified,none,,4,3,,,,,,,
3800020421680,Nestle бонбони лешник,nestle,Unclassified,none,,4,0,,,,,,,
3800020453223,COFFEE-MATE,nestle,Coffee & creamers,name/category keywords,,4,5,,,,,,,
7613036345880,"Пюре Ябълка, боровинка и банан",gerber,Infant & young child nutrition,brand (clear),,,0,,,,,,,
7613036353960,Fitness Original,nestle,Unclassified,none,,,,368.0,10.8,1.8,0.6,0.95,9.4,
7613033358944,NAN OPTIPRO HA,nestle,Infant & young child nutrition,name/category keywords,,,,,,,,,,
7613036345866,Gerber ябълка и манго,gerber,Infant & young child nutrition,brand (clear),,,0,,,,,,,
6043000010932,,maggi,Culinary & meals,brand (clear),,,,,,,,,,
8850125093331,เนสกาแฟอเมริกาโน,nestle,Coffee & creamers,name/category keywords,,,0,22.5,4.0,0.0,0.0,0.0762,0.0,0.0
6294003582036,Fitness granola,nestle,Breakfast cereals,name/category keywords,C,,0,,19.5,10.0,1.4,0.3,10.0,6.7
5410573044113,Choucroute,herta,Culinary & meals,brand (clear),C,,,23.0,1.5,0.0,0.0,1.4,1.3,
7613036340977,Thai Curry,thomy,Culinary & meals,brand (clear),,,,,,,,,,
0050000351701,Coffeemate bx french vanilla creamer,nestle,Coffee & creamers,name/category keywords,B,4,4,25.0,3.0,1.5,1.5,0.0,0.0,0.0
59945352,Nescafe sweet and creamy,nestle,Coffee & creamers,name/category keywords,,4,4,,,,,,,
4902201174107,Kitkat Framboise,nestle,Chocolate & confectionery,name/category keywords,,,,558.0,61.06,32.74,19.47,0.44,4.07,
7702024075462,Milo,nestle,Chocolate & confectionery,name/category keywords,,,,400.0,52.0,8.0,4.0,0.7,12.0,4.0
7613036238182,,nescafe,Coffee & creamers,brand (clear),,,,,,,,,,
7501058630629,,nescafe,Coffee & creamers,brand (clear),,,,,,,,,,
9556001257949,Strawberry flavoured milk,nestle,Dairy & milk drinks,name/category keywords,D,,,70.0,10.0,1.5,0.0,0.0,3.5,
9556001052902,Just Milk Low Fat,nestle,Dairy & milk drinks,name/category keywords,,,,52.0,0.0,1.5,0.0,0.0,3.6,
0028000336974,2-minute noodles,maggi,Culinary & meals,brand (clear),,,,442.8571,5.7143,18.5714,10.0,3.4642859,8.5714,2.8571
7613036573689,Nestum,nestle,Infant & young child nutrition,name/category keywords,,,,,,,,,,
6151100031426,Nestle Pure Life,nestle,Beverages,name/category keywords,A,1,,,,,,,,
7613036883511,Beba junior 12+,nestle,Infant & young child nutrition,name/category keywords,,,,,,,,,,
7501059233287,,nescafe,Coffee & creamers,brand (clear),,,,,,,,,,
8850125090538,ไอศครีมโอรีโอ,nestle,Unclassified,none,E,4,7,350.0,23.33,20.0,13.33,1.325,3.33,0.0
6130794000215,Nestle pure life,nestle,Unclassified,none,,,,0.0,0.0,0.0,0.0,0.01,0.0,
7613036353281,Fitness honey and almond,nestle,Unclassified,none,,,,385.0,19.9,4.7,0.8,0.79,9.0,
7613035213494,Fitness yogurt,nestle,Breakfast cereals,name/category keywords,D,4,2,393.0,17.5,6.1,4.6,0.85,8.7,6.5
7613035750319,Leche Contensada Nestlé,nestle,Dairy & milk drinks,name/category keywords,E,3,0,300.0,58.4,4.1,2.8,0.25,7.2,
7613036873581,Gold Crunchy Oats,nestle,Unclassified,none,,,,418.0,19.9,10.9,1.4,,8.5,6.3
3033712488474,Nescafé Nes,nestle,Coffee & creamers,name/category keywords,,,,3.0,0.1,0.0,0.0,0.0,0.2,0.7
7501058645234,,nestle,Unclassified,none,,,,,,,,,,
7613036849623,Chocolate ruby con frambuesas,nestle,Chocolate & confectionery,name/category keywords,E,,,554.0,48.5,35.0,21.0,0.25,9.0,1.6
0041470002835,Maggi Vegetable cube,maggi,Culinary & meals,brand (clear),,,,4.0,0.0,0.2,0.0,0.417,0.0,
0041470002903,Maggi chicken flavoured seasoning cube,maggi,Culinary & meals,brand (clear),,,,200.0,0.0,15.0,5.0,25.1,0.0,
6130794000222,Pure Fizz,nestle,Unclassified,none,,,,,,,,,,
3800020485026,Knteh aap,nestle,Unclassified,none,,4,2,422.0,15.4,10.4,4.7,0.7,8.1,2.6
8717896006673,Nestlé Nido,nestle,Dairy & milk drinks,name/category keywords,,,,508.0,38.5,28.2,17.7,0.0,3.6,
7613036530361,Bar cappuccino flavour,nestle,Breakfast cereals,name/category keywords,D,,,354.0,11.6,11.6,5.8,1.55,32.0,6.8
7613033131387,Nan optipro,nestle,Infant & young child nutrition,name/category keywords,,,,,,,,,,
8717896007014,lait en poudre,nido,Dairy & milk drinks,name/category keywords,,,0,551.0,10.4,7.3,4.6,87.1,6.1,0.0
89007365,Bar One,nestle,Chocolate & confectionery,name/category keywords,,,,122.0,10.3,4.3,2.9,35.8,1.3,
10020364,,nesquik,Dairy & milk drinks,brand (default),,,,,,,,,,
0018871843008,Peanut punch,nestle,Dairy & milk drinks,name/category keywords,,4,2,,,,,,,
6001068625109,Cerelac,nestle,Infant & young child nutrition,name/category keywords,,,,174.0,23.0,9.6,3.0,20.0,15.0,
7790236000105,Cereales,nestle,Breakfast cereals,name/category keywords,D,,,380.0,30.0,5.3,1.8,0.0,4.7,
7613034051196,Nescafè,nescafe,Coffee & creamers,brand (clear),,1,0,,,,,,,
8690632000725,Fitness,nestle,Breakfast cereals,name/category keywords,,,,,,9.3,,1.11,,
7501058644121,,nestle,Unclassified,none,,,,,,,,,,
4600384017708,Kasha,nestle,Unclassified,none,,4,1,556.0,21.0,22.0,12.0,5.01,12.0,78.0
4800361398589,,nestle,Unclassified,none,,,,,,,,,,
9556001175649,ครันช์รสช็อกโกแลต,nestle,Chocolate & confectionery,name/category keywords,,4,3,529.0,47.1,26.5,,1.64,5.88,
7613034617361,Nescafe original 3in1,nescafe,Coffee & creamers,brand (clear),,,,30.0,3.8,0.8,0.6,0.05,0.3,
5000189140387,Nestlé Barretes Lion Mini,nestle,Unclassified,none,,4,2,486.0,49.5,21.8,11.7,0.55,5.4,
0028000302658,7 essential vitamins & minerals,nestle,Beverages,name/category keywords,,4,3,357.0,78.57,3.57,0.0,0.715,7.14,7.1
8850125092884,ไมโลสูตรโปรตีน 2 เท่า,nestle,Beverages,name/category keywords,B,,0,56.5,4.78,0.435,0.0,0.103,5.22,0.0
9556001267030,คิทแคท มินิ มิลค์ช็อกโกแลต,nestle,Chocolate & confectionery,name/category keywords,E,,1,521.0,46.4,28.6,22.1,0.236,8.57,2.14
06163430,Fond de veau,maggi,Culinary & meals,brand (clear),,,,311.0,14.0,2.2,0.4,17.6,8.8,
7613035219847,Kat 2 Finger Milk Chocolate Biscuit Bar 5 Pack,nestle,Chocolate & confectionery,name/category keywords,,,,502.0,51.0,24.4,13.7,0.23,6.7,2.1
7613031372560,Guigoz,nestle,Unclassified,none,,,,,,,,,,
0028000842444,"Nips, rich & creamy hard candy, butter rum",nestle,Chocolate & confectionery,name/category keywords,E,4,2,429.0,57.14,10.71,10.71,0.8025,0.0,
6194005297238,Muesli cacao fraise,nestle,Breakfast cereals,name/category keywords,,,,400.0,15.7,9.2,2.07,0.0,13.3,
6009188000356,,nestle,Unclassified,none,,4,1,,,,,,,
4800361406727,Temptations cookies & cream,nestle,Chocolate & confectionery,name/category keywords,,,,100.0,11.0,4.0,3.0,0.12446,0.9,
4902201174435,キットカットミニオトナの甘さアップルパイ味,nestle,Chocolate & confectionery,name/category keywords,,4,1,575.0,,36.3,,0.442,3.72,
7861001291155,,nestle,Unclassified,none,,,,,,,,,,
7613036045544,Fibre1,nestle,Unclassified,none,,,,210.0,2.3,2.6,0.7,0.295,8.0,
4902201163378,,nestle,Chocolate & confectionery,name/category keywords,,4,1,552.0,,31.0,,0.198,3.79,
3800029131399,Nestlé Familia vanilla & caramel syrup,nestle,Chocolate & confectionery,name/category keywords,,,,198.0,29.0,7.2,5.9,0.14,2.1,
7613034366061,Aardappelpuree Provencaalse kruiden (400g),maggi,Culinary & meals,brand (clear),,,,75.0,1.2,0.7,0.4,0.6,1.8,1.9
8850125091535,ไมโลสูตรไม่มีน้ำตาลทราย,nestle,Chocolate & confectionery,name/category keywords,D,4,1,72.2,6.11,2.22,1.11,0.139,2.78,0.0
0055000899314,,nestle,Unclassified,none,,,,,,,,,,
7591016154564,,nestle,Unclassified,none,,,,,,,,,,
7613035128682,Nescafé gold de luxe,nescafe,Coffee & creamers,brand (clear),,,,,,,,,,
4792024005906,,nestle,Unclassified,none,,,,,,,,,,
7501059284500,Carlos V,nestle,Unclassified,none,,,,,,,,,,
3023290171042,Nestlé Bros Krakende Mousse Melkchocolade Met Krokante Laagjes,nestle,Chocolate & confectionery,name/category keywords,D,,,221.0,19.6,12.6,8.2,0.19,5.2,
9300605119994,,nestle,Unclassified,none,,,,,,,,,,
91921012,,nestle,Unclassified,none,,,,,,,,,,
43798196100762337,,nestle,Unclassified,none,,,,,,,,,,
3800020456323,Kit Kat Chunky White,nestle,Chocolate & confectionery,name/category keywords,E,,,518.0,52.2,26.5,15.2,0.325,8.0,0.5
4600680251271,,nestle,Unclassified,none,,,,,,,,,,
7613036452878,Maggi,nestle,Culinary & meals,name/category keywords,,4,1,,,,,,,
8850128030104,เนสกาแฟ,nestle,Coffee & creamers,name/category keywords,,,0,,,,,,,
7613036187824,,nestle,Unclassified,none,,,,,,,,,,
7613036976619,Gold origins,nescafe,Coffee & creamers,brand (clear),,,,,,,,,,
9556001132130,ซีรีแล็ค สูตรผสมถั่วเหลือง & ผลไม้รวม,nestle,Breakfast cereals,name/category keywords,,,2,413.4,0.0,9.0,,0.24,15.0,
0050000157716,Nacho cheese sauce,nestle,Culinary & meals,name/category keywords,D,4,6,194.0,1.61,14.52,6.45,2.0575,6.45,0.0
0050000216673,Good start,gerber,Infant & young child nutrition,brand (clear),,4,4,,,,,,,
9556001248572,Activ-Go Milo Iced,nestle,Dairy & milk drinks,name/category keywords,,,,62.2,6.31,1.82,1.07,0.0667,1.91,
9556001255327,MIlo,nestle,Dairy & milk drinks,name/category keywords,,,,58.3,5.92,1.71,0.833,0.0625,1.75,
7613035978041,,nestle,Unclassified,none,,,,,,,,,,
4800361403863,,nescafe,Coffee & creamers,brand (clear),,,,,,,,,,
8888082148979,,nestle,Unclassified,none,,,,,,,,,,
7613036169301,,maggi,Culinary & meals,brand (clear),,,,,,,,,,
3023290033593,Yoggi,nestle,Unclassified,none,,,,,,,,,,
4902201429283,,maggi,Culinary & meals,brand (clear),,,,,,,,,,
4902201424929,,nestle,Unclassified,none,,,,,,,,,,
7613037057683,Nesquik,nestle,Breakfast cereals,name/category keywords,C,,,373.0,22.4,3.0,0.3,0.45,8.4,9.0
7613035463554,Cerelac,nestle,Infant & young child nutrition,name/category keywords,,,,423.0,0.0,10.0,0.0,0.12,14.3,
9300684123301,Plaistove dark 45%cacao,nestle,Dairy & milk drinks,name/category keywords,,4,2,516.6666,53.6036,27.9279,15.7658,,5.4054,
7613033573088,,nestle,Unclassified,none,,,,,,,,,,
9300605102088,Nescafé Gold Intense Barista style premium instant coffee,nescafe,Coffee & creamers,brand (clear),,1,0,,,,,,,
6033000083708,Nido Nestlé Essentia,nestle,Dairy & milk drinks,name/category keywords,,4,2,500.0,,28.0,,0.9017,18.0,
7613035601864,NAN AL 110,nestle,Unclassified,none,,,,,,,,,,
7630039686833,Café,nespresso,Coffee & creamers,brand (clear),,,,,,,,,,
6294003571405,Nescafe 2in1 sugar free,nescafe,Coffee & creamers,brand (clear),,,,26.0,0.4,1.2,1.1,0.02,0.2,
5900020025975,Gofree,nestle,Breakfast cereals,name/category keywords,D,,,393.0,29.7,4.6,0.5,1.0,7.6,
0015000937249,Organic pouches pear peach strawberry,nestle,Unclassified,none,,,,60.0,0.0,0.0,0.0,0.1,1.0,
05004867,Joeluv,nestle,Unclassified,none,,4,2,,,,,,,
9556001821119,Maggi,maggi,Culinary & meals,brand (clear),E,4,1,,,,,,,
6221007029533,,nestle,Unclassified,none,,,,368.0,4.7,9.0,1.2,0.39,8.6,
9300605127104,Nescafé Gold - Crème Brûlée Latté,nescafe,Coffee & creamers,brand (clear),,4,3,5.0,5.5,1.7,1.5,0.07,1.3,
97713319,,nestle,Unclassified,none,,,,,,,,,,
8690632242392,poudre cacaoté,nestle,Chocolate & confectionery,name/category keywords,,,0,383.0,72.0,4.2,1.8,0.625,5.8,
7501059200708,Pureza Vital,nestle,Unclassified,none,,,,,,,,,,
0041548061856,"Ice cream, mint chocolate chip",nestle,Chocolate & confectionery,name/category keywords,D,4,6,233.0,24.4,9.3,8.14,0.189,3.49,1.16
6151100035240,,nestle,Unclassified,none,,,,,,,,,,
0028000469771,Nido,nestle,Dairy & milk drinks,name/category keywords,,,,516.129,38.70968,29.032259,19.35484,0.88709676,25.806452,
7702024003533,Milo,nestle,Dairy & milk drinks,name/category keywords,,,,400.0,44.0,6.0,4.0,0.65,12.0,
0059800579582,,nestle,Unclassified,none,,,,,,,,,,
8690632243054,1927 Sütlü Çikolata,nestle,Chocolate & confectionery,name/category keywords,E,,0,544.0,52.0,32.4,16.8,0.4,9.2,2.8
7613036490726,Cerelac,nestle,Infant & young child nutrition,name/category keywords,,,,427.0,,10.0,,,,
8858705607350,นมข้นหวานคาร์เนชัน,nestle,Dairy & milk drinks,name/category keywords,,4,2,350.0,60.0,7.5,,0.125,5.0,0.0
14780309,Nestle Coffee Mate French Vanilla concentrated creamer,nestle,Coffee & creamers,name/category keywords,,4,2,,,,,,,
5410003004700,Sugo al pomodoro condito,buitoni,Culinary & meals,brand (clear),C,,,70.0,6.5,3.8,0.5,1.2,1.7,
8718117600281,Aptamil,nestle,Infant & young child nutrition,name/category keywords,,,,,,,,,,
8593893756076,Rumové pralinky,nestle,Unclassified,none,,,,,,,,,,
2000000110321,Fitness Fruits,nestle,Breakfast cereals,name/category keywords,B,4,5,400.0,23.3,3.33,0.0,0.625,6.67,10.0
2000000110322,Fitness Original,nestle,Breakfast cereals,name/category keywords,A,4,2,367.0,10.0,3.33,0.0,0.792,10.0,10.0
7613036478748,,nestle,Unclassified,none,,4,3,,,,,,,
6033000080851,,nestle,Unclassified,none,,,,,,,,,,
7702025182183,Nesquik,nestle,Dairy & milk drinks,name/category keywords,,,,,,,,,,
7613036250085,,nestle,Unclassified,none,,,,,,,,,,
6221007029496,Frosties,nestle,Unclassified,none,,,,389.0,3.5,10.0,1.2,1.0,9.7,
0013800748003,"Stouffer's, classic mac & cheese",nestle,Unclassified,none,C,4,2,141.0,1.76,6.47,3.53,0.8225,5.88,0.6
7290111561771,Caprese carré,nestle,Unclassified,none,C,4,0,189.0,3.5,9.0,2.0,0.9,8.5,
7613036392471,leche condensada,nestle,Dairy & milk drinks,name/category keywords,E,4,0,300.0,60.0,4.0,2.5,0.292,8.0,0.0
7613036917308,Kit Kat Dark 70%,nestle,Chocolate & confectionery,name/category keywords,,,,538.0,29.8,33.4,18.4,0.06,8.0,
6001068625208,Cerelac,nestle,Infant & young child nutrition,name/category keywords,,,,25.0,11.5,4.8,1.5,0.0,47.0,
3023290232187,,nestle,Unclassified,none,,,,,,,,,,
0028000736095,Home style vegetable pasta & chicken flavor soup mix,maggi,Culinary & meals,brand (clear),E,4,4,347.82608,4.347826,6.521739,2.173913,8.804348,8.695652,4.347826
46000033,,nestle,Unclassified,none,,,,,,,,,,
0028000696788,Tasters choice,nescafe,Coffee & creamers,brand (clear),,,,,,,,0.0,,
3023290012444,,nestle,Unclassified,none,,,,,,,,,,
8850125082342,,milo,Dairy & milk drinks,brand (clear),,,,,,,,,,
11423553,maggi,maggi,Culinary & meals,brand (clear),,4,3,,,,,,,
0071921648091,,nestle,Unclassified,none,,,,,,,,,,
6221007026075,Cerelac miel,nestle,Infant & young child nutrition,name/category keywords,,,,416.0,17.0,9.0,2.0,0.14,12.5,
7613036841078,,nestle,Unclassified,none,,,,,,,,,,
4005500047049,,nescafe,Coffee & creamers,brand (clear),,,,,,,,,,
7613036238199,Nescafe double mocha,nescafe,Coffee & creamers,brand (clear),,,,39.0,4.9,0.9,0.8,0.0,0.9,
0050000591664,"Strawberry cheesecake coffee creamer, strawberry cheesecake",nestle,Coffee & creamers,name/category keywords,D,4,4,233.0,33.33,10.0,0.0,0.0825,0.0,
43548767,,nestle,Unclassified,none,,,,,,,,,,
0065000366143,Lait nourrissons / Infant Formula,nestle,Infant & young child nutrition,name/category keywords,,,,,,,,,,
42370345,Kitkat Senses,nestle,Chocolate & confectionery,name/category keywords,,,,526.0,50.8,28.4,15.4,0.47,6.8,
50226962,Swan Slim Filters,nestle,Unclassified,none,,,,,,,,,,
7702024339281,Nescafé Fina selección,nestle,Coffee & creamers,name/category keywords,,,0,,,,,,,
7613034409072,Sauce bourguignonne,thomy,Culinary & meals,brand (clear),,,,,,,,,,
07577444,poland spring water,nestle,Beverages,name/category keywords,A,,0,,,,,,,
9400556007774,Chicken Noodle,maggi,Culinary & meals,brand (clear),,,,14.0,0.2,0.2,0.09,0.275,0.5,
7613034337429,,nestle,Unclassified,none,,,,,,,,,,
9300605094475,Carnation lite cooking cream,nestle,Dairy & milk drinks,name/category keywords,,,,176.86424,3.8,14.2,9.2,0.1,2.6,
6294003592653,KitKat,nestle,Chocolate & confectionery,name/category keywords,,,,502.0,46.0,25.0,13.8,0.07,7.9,
0028000391041,Creamy milk chocolate with crisped rice bar,nestle,Chocolate & confectionery,name/category keywords,E,4,1,529.0,55.88,26.47,17.65,0.3675,2.94,2.9
4606272010738,Овсяная каша Асорти,nestle,Breakfast cereals,name/category keywords,D,,0,371.0,22.0,5.4,0.92,1.0,9.7,
7702024796268,Klim Amor Natural,nestle,Dairy & milk drinks,name/category keywords,,,,500.0,38.5,26.9,17.3,0.913,26.9,0.0
9556001228123,Crèmeria chocolat mini stick,nestle,Chocolate & confectionery,name/category keywords,,,,273.0,0.0,18.0,0.0,0.0,2.7,
971302329045633020006429,,nestle,Unclassified,none,,,,,,,,,,
7613031697991,NAN,nestle,Unclassified,none,,,,,,,,,,
17830256,,nescafe,Coffee & creamers,brand (clear),,,,,,,,,,
4600384006603,какао несквик,nestle,Chocolate & confectionery,name/category keywords,,4,0,379.0,,3.2,,,4.5,
4591286006627,cubito de pollo,maggi,Culinary & meals,brand (clear),,,,,,,,,,
6194005297245,Grain d'Or Muesli,nestle,Breakfast cereals,name/category keywords,,,,,,,,,,
4800361334280,Cereales,nestle,Breakfast cereals,name/category keywords,,,,,,,,,,
0050000157600,Jalapeno cheese sauce,nestle,Culinary & meals,name/category keywords,D,4,4,113.0,0.0,8.06,2.42,1.775,1.61,0.0
6221007025610,cerelac,nestle,Infant & young child nutrition,name/category keywords,,,,,,,,,,
4902201173636,Mini Mandarine Orange,nestle,Chocolate & confectionery,name/category keywords,E,,,560.0,38.3,31.9,19.1,0.147,3.53,
7630047607066,Nespresso Coffee,nespresso,Coffee & creamers,brand (clear),,,,,,,,,,
6171100031073,Arome maggi,maggi,Culinary & meals,brand (clear),,4,6,,,,,,,
6171100031325,Nido forticroissance,nestle,Dairy & milk drinks,name/category keywords,,,,508.0,39.9,28.0,17.7,0.335,23.6,
8593893721944,studentská pečeť mléčná s chutí hrušek,nestle,Chocolate & confectionery,name/category keywords,E,4,2,511.0,50.0,28.0,14.0,0.12,6.9,2.3
0065000492811,Bon depart,nestle,Unclassified,none,,,,,,,,,,
7613033438646,Dolce Gusto Espresso,nescafe,Coffee & creamers,brand (clear),,,,,,,,,,
0028000084004,Milk chocolate with peanuts & raisins,nestle,Chocolate & confectionery,name/category keywords,E,4,2,480.0,53.03,27.78,12.63,0.095,5.05,2.5
7613036955386,Nescafe,nescafe,Coffee & creamers,brand (clear),,,,,,,,,,
9400556015502,Maggi chicken chow mein,maggi,Culinary & meals,brand (clear),,4,0,,,,,,,
8585002474940,,maggi,Culinary & meals,brand (clear),,4,0,,,,,,,
7613032401214,Cafe espresso natural,nestle,Coffee & creamers,name/category keywords,,,,,,,,,,
6294003567781,Mini Kikat,nestle,Unclassified,none,,,,66.42857,6.5,3.7142856,2.142857,0.035714287,0.9285714,
7613036340960,Sweet Chili,thomy,Culinary & meals,brand (clear),,,,,,,,,,
4891118074979,Kit Kat Mini Cookies & Cream Flavoured,nestle,Chocolate & confectionery,name/category keywords,E,,,507.0,51.7,25.1,14.5,0.254,6.76,
4600680005782,Nestle,nestle,Unclassified,none,,,,,,,,,,
7613036594264,Maggi bouillon blokjes,maggi,Culinary & meals,brand (clear),,4,2,3.0,0.1,0.1,0.1,0.68,0.1,0.0
6294003588106,Chinese noodle mix,maggi,Culinary & meals,brand (clear),,,,263.0,14.1,1.8,0.6,7.7,6.8,
8690632007250,Maggi Excellence Mushroom Soup,maggi,Culinary & meals,brand (clear),,4,0,435.0,16.1,19.8,4.4,6.75,11.7,3.5
7613037025682,,nestle,Unclassified,none,,4,0,,,,,,,
5000243933108,Gold Blend,nescafe,Coffee & creamers,brand (clear),,,,,,,,,,
7613036943437,คาปูชิโน่ Rich & Creamy - 120 g,dolce-gusto,Coffee & creamers,brand (clear),E,,0,350.0,30.0,15.0,10.0,0.438,15.0,0.0
7613033438684,Latte Macchiato - 194.4 g,nescafe,Coffee & creamers,brand (clear),E,4,1,412.0,32.9,18.5,12.3,0.617,20.6,0.0
8619164055645,Sauce Béchamel,thomy,Culinary & meals,brand (clear),,,,,,,,,,
6221007026051,Cerelac Nestlé,nestle,Infant & young child nutrition,name/category keywords,,,,425.0,0.0,9.0,0.0,0.33,13.0,
7042115019020,Nestlé Viking Melk usøtet kondensert melk,nestle,Dairy & milk drinks,name/category keywords,,,,,,,,,,
4606272026142,Nesquik cacao,nestle,Dairy & milk drinks,name/category keywords,,,,,,,,,,
0050000693894,All-natural coffee creamer,nestle,Coffee & creamers,name/category keywords,D,4,0,200.0,33.33,10.0,6.67,0.0825,0.0,0.0
6221007026136,cerelac,nestle,Infant & young child nutrition,name/category keywords,,,,,,,,,,
7702024059561,Milo,nestle,Chocolate & confectionery,name/category keywords,,,,72.2,8.33,1.83,1.06,0.138,3.28,1.39
8000300189629,,nestle,Unclassified,none,,,,,,,,,,
7613037057324,Nesquik,nesquik,Breakfast cereals,name/category keywords,D,,,395.0,24.8,3.0,0.9,0.0,7.5,
7613036076623,Goveja juha z rezanci,maggi,Culinary & meals,brand (clear),E,4,1,313.0,5.3,2.6,1.0,13.0,12.4,3.0
9556001171245,Oriental noodles,maggi,Culinary & meals,brand (clear),,,,75.3,1.0,2.8,1.3,0.7875,1.6,1.0
00018142,Coffee mate Italian sweet cream,nestle,Coffee & creamers,name/category keywords,,4,3,,,,,,,
0043695071108,Garlic buttery crust pepperoni & sausage frozen pizza,nestle,Culinary & meals,name/category keywords,D,4,10,242.0,3.33,10.8,5.0,1.65,7.5,1.67
7891000285541,galletita bono,nestle,Unclassified,none,,4,0,,,,,,,
7613036959957,Multigrain with banana & apple,nestle,Breakfast cereals,name/category keywords,,4,2,74.0,4.3,0.6,0.0,0.00525,1.9,0.0
7630047607561,Nespresso Arondio,nespresso,Coffee & creamers,brand (clear),,,,,,,,,,
6294003583859,Nido,nestle,Dairy & milk drinks,name/category keywords,,,,493.0,38.9,26.3,16.5,0.35,24.4,
8901058842906,Tarmarind Sauce,nestle,Culinary & meals,name/category keywords,E,4,2,177.0,42.1,0.0,0.0,3.2795,0.6,1.3
7613039547465,Fabada Asturiana,nestle,Unclassified,none,,,,142.0,0.7,8.3,3.1,0.87,6.4,
8850125099906,Cold brew black coffee,nestle,Coffee & creamers,name/category keywords,,,,,9.09,0.0,,0.289,4.55,0.0
8690632074283,Corn Flakes,nestle,Breakfast cereals,name/category keywords,C,,,378.0,10.4,1.9,0.4,0.0,7.1,
6084012910018,Pure life,nestle,Unclassified,none,,,,0.0,0.0,0.0,0.0,0.0,0.0,
7613034412904,Trix,nestle,Breakfast cereals,name/category keywords,D,4,9,380.0,30.0,5.3,1.8,0.7,4.7,5.5
7501000922239,Gerber etapa 7,nestle,Infant & young child nutrition,name/category keywords,,,,,,,,,,
7640140338866,,nespresso,Coffee & creamers,brand (clear),,,,,,,,,,
0028000938437,Sweet condensed filled dairy product,nestle,Dairy & milk drinks,name/category keywords,,,,433.33334,73.333336,11.666667,5.0,0.375,10.0,0.0
7501058633941,NAN,nestle,Unclassified,none,,,,,,,0.0,,,
7613035863606,Nestle Milo X380G DP,nestle,Dairy & milk drinks,name/category keywords,,4,2,436.0,52.0,8.0,4.9,0.0,11.0,0.0
5941017015340,joe waffres,nestle,Unclassified,none,,4,2,,,,,,,
00015608,,gerber,Infant & young child nutrition,brand (clear),,,,,,,,,,
85957282,Margot tropical mojito,nestle,Chocolate & confectionery,name/category keywords,E,,,434.0,56.0,16.0,8.6,0.11,4.9,2.7
7501058646187,Nido,nestle,Dairy & milk drinks,name/category keywords,,,,,,,,,,
7613036524667,Sublime,nestle,Chocolate & confectionery,name/category keywords,E,4,1,545.0,48.0,34.1,15.9,0.83,9.0,
4891118221175,Natural Yoghurt,nestle,Dairy & milk drinks,name/category keywords,,,,57.0,5.5,2.2,1.5,,3.6,
9556001130129,maggi,maggi,Culinary & meals,brand (clear),,4,7,,,,,,,
7613036238366,vanilla latte,nescafe,Coffee & creamers,brand (clear),,4,2,31.0,4.1,0.7,0.6,0.0762,0.6,0.2
81319701,,nestle,Unclassified,none,,,,,,,,,,
7501058611697,Carnation sabor a vainilla para el café,nestle,Coffee & creamers,name/category keywords,,,,,,,,,,
7613035988637,nescafe gold cappuccino unsweetened,nestle,Coffee & creamers,name/category keywords,,4,3,,,,,,,
8585002461391,Maggi Bors,maggi,Culinary & meals,brand (clear),,,,260.0,11.0,4.4,0.4,31.0,5.5,
8000270017182,Buitoni Melba Toast Met Volkorenmeel,buitoni,Culinary & meals,brand (clear),D,4,0,398.0,3.7,5.2,1.1,1.2,12.2,
7752087774932,leche nevada ideal,nestle,Dairy & milk drinks,name/category keywords,,,,,,,,,,
7630054480058,,nespresso,Coffee & creamers,brand (clear),,,,,,,,,,
6221007026013,Cerelac,nestle,Infant & young child nutrition,name/category keywords,,,,420.0,17.0,9.0,0.0,0.0,13.0,
0028000895037,Low Fat Milk,nesquik,Dairy & milk drinks,name/category keywords,C,4,5,62.5,9.17,0.83,0.42,0.1323,3.33,0.4
0028000832575,Jugo seasoning sauce,maggi,Culinary & meals,brand (clear),E,4,4,0.0,0.0,0.0,0.0,12.0,0.0,0.0
0017900996357,Vanilla Sandwiches,nestle,Unclassified,none,D,4,7,253.97,23.81,4.76,3.17,0.6048,3.17,1.59
0050000750641,Coffee Creamer,coffee-mate,Coffee & creamers,brand (clear),D,4,6,233.33333,33.333332,66.666664,0.0,0.016666668,0.0,0.0
0028000510411,Soup mix chkn ndle,maggi,Culinary & meals,brand (clear),E,4,5,333.33,6.67,3.33,0.0,14.9013,6.67,
0050000130597,Liquid coffee creamer pumpkin spice,nestle,Coffee & creamers,name/category keywords,E,4,3,272.72726,36.363636,13.636364,13.636364,0.0,0.0,
0028000800093,Liquid coffee creamer,nestle,Coffee & creamers,name/category keywords,E,4,5,500.0,60.0,30.0,20.0,0.0,0.0,
0028000610302,Leche nido,nestle,Coffee & creamers,name/category keywords,E,4,1,475.0,45.0,20.0,11.25,0.655,15.0,2.5
0050000771547,Nestle coffeemate coffee creamer hazelnut liquid pump bottle,nestle,Coffee & creamers,name/category keywords,E,4,5,500.0,60.0,30.0,20.0,0.0,0.0,
0043695071436,Pepperoni pizza frozen sandwiches,nestle,Culinary & meals,name/category keywords,D,4,9,244.09,2.36,11.02,4.72,1.26,7.87,0.8
0050000124954,Natural bliss hazelnut creamer,nestle,Coffee & creamers,name/category keywords,D,4,0,200.0,33.33,10.0,6.67,0.254,0.0,
0028000213190,"Granulated Bouillon, Chicken",maggi,Culinary & meals,brand (clear),E,4,2,125.0,0.0,0.0,0.0,25.0,0.0,
0074826723115,Seasoning,maggi,Culinary & meals,brand (clear),,4,4,0.0,,0.0,,,0.0,
0050000932504,Hot Cocoa Mix,nestle,Dairy & milk drinks,name/category keywords,,4,5,250.0,50.0,0.0,0.0,3.81,12.5,12.5
0028000516017,Chicken flavored rice soup mix,maggi,Culinary & meals,brand (clear),E,4,4,333.33334,6.6666665,3.3333333,3.3333333,14.333333,6.6666665,0.0
0050000622443,Raw Cookie Dough,nestle,Breakfast cereals,name/category keywords,E,4,1,421.0,31.58,15.79,5.26,0.92,5.26,0.0
7861091196774,Coco Classic,nestle,Chocolate & confectionery,name/category keywords,D,4,4,460.0,23.76,13.46,6.03,0.0,6.48,3.3
0050000804771,Nes liquid coffee creamer,nestle,Coffee & creamers,name/category keywords,E,4,3,273.0,36.4,13.6,13.6,0.455,0.0,
0041548662947,Ice Cream,nestle,Dairy & milk drinks,name/category keywords,D,4,6,272.73,24.24,13.64,6.06,0.2502,4.55,1.52
0050000622634,TOLL HOUSE Peanut Butter Chocolate Chip,nestle,Chocolate & confectionery,name/category keywords,E,4,3,473.6842,36.842106,23.68421,7.894737,1.3157895,5.263158,0.0
0041548510972,Butterfnger light ice cream,nestle,Dairy & milk drinks,name/category keywords,D,4,6,215.38,21.54,7.69,3.08,0.2149,4.62,1.54
0050000351152,Coffee Creamer,nestle,Coffee & creamers,name/category keywords,E,4,3,272.73,27.27,9.09,9.09,0.0,0.0,
0024842172114,"Buitoni, four cheese ravioli",buitoni,Culinary & meals,brand (clear),D,4,10,269.0,2.15,8.6,3.23,1.32,11.8,2.15
0024842121112,"Buitoni, chicken & prosciutto tortelloni",buitoni,Culinary & meals,brand (clear),C,4,4,284.0,0.917,7.34,2.29,1.03,13.8,2.75
0072554110580,Dairy Dessert Cones,nestle,Dairy & milk drinks,name/category keywords,E,4,4,276.6,26.6,12.77,9.57,0.2702,2.13,1.06
0024842751470,Mushroom agnolotti refrigerated pasta,buitoni,Culinary & meals,brand (clear),D,4,3,256.88,2.75,9.17,4.59,1.5613,11.93,2.8
0024842011512,Angel hair,buitoni,Culinary & meals,brand (clear),A,3,0,275.0,0.0,1.875,0.0,0.53125,11.25,3.8
0043456076908,Bouillon tblt chckn,maggi,Culinary & meals,brand (clear),E,4,4,100.0,0.0,6.6666665,3.3333333,21.333334,0.0,
0015000140014,Pure,gerber,Infant & young child nutrition,brand (clear),,1,0,0.0,0.0,0.0,0.0,,0.0,
0839456004405,Dark praline with hazelnut and caramelized cocoa nibs filling,nestle,Chocolate & confectionery,name/category keywords,E,4,1,560.0,36.0,36.0,20.0,0.05,8.0,8.0
0041679925201,Max Men,nestle,Beverages,name/category keywords,B,4,5,49.23077,0.30769232,0.61538464,0.30769232,0.23076923,9.230769,0.0
0041679822203,Boost Rich Chocolate,nestle,Health & clinical nutrition,name/category keywords,E,4,7,101.26582,6.329114,2.5316455,0.42194092,0.24261603,8.438819,0.0
0041679280874,Boost plus complete nutritional drink very vanilla bottle,nestle,Health & clinical nutrition,name/category keywords,E,4,2,151.89873,9.282701,5.907173,0.84388185,0.21097046,5.907173,0.42194092
0072554295584,Triple chocolate king size frozen dairy dessert cones,nestle,Chocolate & confectionery,name/category keywords,D,4,4,250.0,24.264706,10.294118,7.352941,0.22058824,2.2058823,1.4705882
0041679473375,Boost Balanced nutrional drink,nestle,Health & clinical nutrition,name/category keywords,C,4,5,76.0,0.0,2.95,0.0,0.2325,6.33,1.3
0050000396603,Butterscotch Latte Coffee creamer,coffee-mate,Coffee & creamers,brand (clear),D,4,4,233.33333,33.333332,10.0,0.0,0.083333336,0.0,
0050000826131,Chocolate chip edible cookie dough,nestle,Breakfast cereals,name/category keywords,E,4,1,368.42,39.47,11.84,6.58,0.7687,2.63,2.6
0028000332334,white chocolate curls,nestle,Chocolate & confectionery,name/category keywords,E,4,1,625.0,50.0,37.5,25.0,0.0,0.0,0.0
0028000654719,Nestle toll house pumpkin spice flavored,nestle,Chocolate & confectionery,name/category keywords,E,4,1,571.4286,64.28571,35.714287,32.142857,0.0,0.0,0.0
10050000351104,The original coffee creamer,coffee-mate,Coffee & creamers,brand (clear),B,4,2,90.9,0.0,9.09,0.0,0.0,0.0,0.0
7460123430307,Season up chicken powered seasoning,maggi,Culinary & meals,brand (clear),,4,3,,,,,,,
0099900601981,Milk chocolate covered raisins,nestle,Chocolate & confectionery,name/category keywords,E,4,2,458.0,62.5,18.75,12.5,0.105,4.17,4.2
0043695231090,Big and bold chicken bacon ranch hot pockets,nestle,Culinary & meals,name/category keywords,D,4,12,236.0,3.14,9.42,4.19,1.07,8.38,0.524
7613035375079,leche en polvo svelty,nestle,Dairy & milk drinks,name/category keywords,,4,2,335.0,,0.0,0.0,1.14,31.0,0.0
7891000256282,caldo sabor panceta,maggi,Culinary & meals,brand (clear),,4,5,295.0,,21.1,12.6,46.3,0.0,0.0
7613036043175,Maggi's Suppen Würze,maggi,Culinary & meals,brand (clear),,,,,,,,,,
8053041000074,Ravioli burrata ed erbette,buitoni,Culinary & meals,brand (clear),,,,268.0,6.6,9.2,4.4,1.1,9.2,
0028000328580,Snickers chocolate low fat milk,nestle,Chocolate & confectionery,name/category keywords,,4,2,60.386475,9.42029,0.7246377,0.36231884,0.2173913,3.3816426,
6033000086686,,nestle,Dairy & milk drinks,name/category keywords,B,4,3,47.0,3.5,1.0,,0.102362,2.4,0.0
6221007026112,Cerelac,nestle,Breakfast cereals,name/category keywords,,,,420.0,0.0,9.0,0.0,0.0,13.0,1.3
0065000362749,Bon Depart,nestle,Unclassified,none,,4,1,,,,,,,
4600680251158,KitKat Senses taste of Deluxe Cocount,nestle,Chocolate & confectionery,name/category keywords,,4,1,527.0,,27.7,,,6.25,
7702024001362,La Lechera,nestle,Dairy & milk drinks,name/category keywords,E,3,0,0.3,56.7,6.67,3.33,0.25,6.67,0.0
7891000242650,Nescafé Original,nescafe,Coffee & creamers,brand (clear),,1,0,,,,,,,
7613037038309,NAN Optipro 1,nestle,Infant & young child nutrition,name/category keywords,,,,,,,,,,
7613032989408,Jus naturel,maggi,Culinary & meals,brand (clear),E,4,2,,,,,,,
7613035651258,Fitness Original,nestle,Breakfast cereals,name/category keywords,A,,,367.0,10.0,3.33,0.0,0.792,10.0,10.0
7702024046578,La Lechera,nestle,Dairy & milk drinks,name/category keywords,D,,,0.3,56.7,6.67,3.33,0.25,6.67,0.0
7613030979456,Chocapic,nestle,Breakfast cereals,name/category keywords,D,,,367.0,30.0,5.0,1.67,0.75,6.67,6.67
7613039270943,Gratin de légume,maggi,Culinary & meals,brand (clear),,,,,,,,,,
7861001237924,Ricacao,nestle,Unclassified,none,,,,60.0,12.0,0.0,0.0,0.0,0.0,1.0
7616100388318,حليب نيدو بودرة كامل الدسم,nido,Dairy & milk drinks,name/category keywords,,,,,,,0.0,,,
9300605113107,Café soluble,nescafe,Coffee & creamers,brand (clear),,,,2.4,1.0,1.0,1.0,2.5,1.0,
0072554973574,Drumstick,nestle,Unclassified,none,,,,294.73685,28.421053,13.684211,9.473684,0.31578946,2.1052632,
8593893110540,Fandíme našim bílá,nestle,Chocolate & confectionery,name/category keywords,E,4,1,560.0,54.0,34.0,20.0,0.29,8.2,
7613034497062,Puré de Papas Original,maggi,Culinary & meals,brand (clear),E,4,6,356.0,0.4,0.0,0.0,0.24,6.8,6.0
8690632242972,Piatachio bitter chocolate,nestle,Chocolate & confectionery,name/category keywords,,,,554.0,36.0,36.0,18.0,,8.6,
7613035988613,cappuccino,nescafe,Coffee & creamers,brand (clear),,4,3,387.0,55.8,6.9,6.2,0.83,8.0,4.1
8593893757240,Studentská pečeť hořká čokoláda arašídy a želé s příchutí vanilky,nestle,Chocolate & confectionery,name/category keywords,E,4,3,512.0,44.0,29.0,14.0,0.08,7.6,6.8
0015000045531,Grain & grow,gerber,Infant & young child nutrition,brand (clear),,4,3,357.14285,14.285714,0.0,,,0.0,
8801055707249,Arabiana,nestle,Coffee & creamers,name/category keywords,B,4,7,14.0,0.4,0.5,0.5,0.0,0.1,
8901058869873,BARONE,nestle,Unclassified,none,,,,,,,,,,
9300605012578,Kool mints,nestle,Unclassified,none,,4,3,398.66666,73.333336,2.0,2.0,,6.6666665,
6417901008860,Vanilja Pingviini kermajäätelö,nestle,Dairy & milk drinks,name/category keywords,D,4,4,197.0,15.0,11.0,6.3,0.1,2.5,0.0
0015000864828,Harvest Bowl veggie power Spanish style,gerber,Infant & young child nutrition,brand (clear),,,0,101.5625,8.59375,0.78125,0.0,0.263671875,1.5625,0.78125
7501058645692,compota Gerber banana,gerber,Infant & young child nutrition,brand (clear),,,1,,,,,,,
0050000122660,,nestle,Unclassified,none,,,,,,,,,,
0068274346583,Splash Nestle Water,nestle,Beverages,name/category keywords,,4,7,,,,,,,
7613038888057,Joe Summer dreams Napolitană cu cremă de lapte și gust de banană,nestle,Chocolate & confectionery,name/category keywords,E,4,1,569.0,35.0,36.3,17.5,0.41,7.5,0.7
7613038887142,Joe Summer dreams Napolitană cu cremă de lapte și gust de căpșună,nestle,Dairy & milk drinks,name/category keywords,E,4,1,569.0,35.0,36.2,17.5,0.42,7.4,0.7
0050000652860,Italian Sweet Creme Creamer,nestle,Coffee & creamers,name/category keywords,,4,2,35.0,5.0,1.5,0.0,0.26223776,0.0,
7591016201374,crema de maíz,maggi,Culinary & meals,brand (clear),,4,0,70.0,,,1.0,1.4732,7.0,
0015000079031,Mango Apple Twist Fruit & Juice Blend (Sitter),gerber,Infant & young child nutrition,brand (clear),,1,0,,,,,,,
7501058623317,Nestlé NaN  optipro,nestle,Infant & young child nutrition,name/category keywords,,,,,,,,,,
0015000013721,gerber granola bars,gerber,Infant & young child nutrition,brand (clear),,4,2,,,,,,,
0015000013745,Organic Grain and Grow - Banana Mango Pineapple,gerber,Infant & young child nutrition,brand (clear),,4,2,368.42105,31.578947,10.526316,0.0,0.46052632,5.263158,
7613032809225,Leche Evaporada Ideal,nestle,Dairy & milk drinks,name/category keywords,E,4,4,132.0,8.33,7.5,4.0,0.375,6.5,
7613038314426,Nesquik Băutură din lapte cu cacao,nesquik,Dairy & milk drinks,name/category keywords,B,4,0,53.0,7.2,0.9,0.5,0.1,3.4,0.5
2000000116684,,coffee-mate,Coffee & creamers,brand (clear),,,,,,,,,,
01500202,gerber pasta Primavera,gerber,Infant & young child nutrition,brand (clear),,4,1,,,,,,,
0015000013615,Graduates for toddlers apple cinnamon cereal bar,gerber,Infant & young child nutrition,brand (clear),,4,5,368.42,42.11,5.26,0.0,0.4679,5.26,5.26
0015000027469,Banana blueberry rice pudding,gerber,Infant & young child nutrition,brand (clear),,,1,105.882355,17.647058,0.29411766,0.0,,0.5882353,0.5882353
7501058642585,Taster's Choice Creamy Vanilla,nescafe,Coffee & creamers,brand (clear),,,,,,,,,,
0050000675807,,nestle,Unclassified,none,,,,,,,,,,
7613037275100,GARDEN GOURMET Vegan Sensational Burger,nestle,Culinary & meals,name/category keywords,,,,,,,,,,
7861001234893,La Lechera Entera,nestle,Unclassified,none,,,0,150.0,12.0,8.0,4.0,16.0,7.0,0.0
0015000045111,Gerber teether wheels apple harvest,gerber,Infant & young child nutrition,brand (clear),,4,2,,,,,,,
07960017,fruit & veggie melts tropical blend,gerber,Infant & young child nutrition,brand (clear),,4,1,,,,,,,
4600680007908,Nestle.  темный шоколад,nestle,Chocolate & confectionery,name/category keywords,,,,,,,,,,
7613036959087,,nespresso,Coffee & creamers,brand (clear),,,,,,,,,,
9556001118738,Nescafé classic,nescafe,Coffee & creamers,brand (clear),,,,6.0,2.0,0.5,0.3,,18.0,
7613038038827,leche protein + svelty,nestle,Dairy & milk drinks,name/category keywords,,4,1,346.0,,0.0,,1.13,36.5,
4891118021256,Crunch,nestle,Chocolate & confectionery,name/category keywords,E,,,504.0,55.2,24.6,14.6,0.375,5.3,
6221007028529,Mega,nestle,Unclassified,none,,,,234.0,20.2,15.4,9.1,0.64,1.9,
10607118,carnation  fat free french vanilla coffee mate,nestle,Coffee & creamers,name/category keywords,,4,3,,,,,,,
0055000890373,Cappuccino,nescafe,Coffee & creamers,brand (clear),E,4,2,429.0,42.9,7.14,7.14,1.16,7.14,7.14
7613035161580,Nescafé Dolca,nescafe,Coffee & creamers,brand (clear),,4,3,440.0,36.0,15.2,13.6,1.2,15.2,5.6
7613037057645,Nesquick cereals,nesquik,Breakfast cereals,name/category keywords,D,,,395.0,24.0,3.0,0.9,0.44,7.5,
16943193,hot pockets,nestle,Culinary & meals,name/category keywords,,,,,,,,,,
0050000957965,Cinnamon toast crunch coffee creamer,coffee-mate,Coffee & creamers,brand (clear),,,1,35.0,5.0,1.5,0.0,,0.0,
8717405004558,Nido,nestle,Dairy & milk drinks,name/category keywords,,,,510.0,36.5,28.0,1.0,0.0,25.7,
0015000049003,Organic Lil' Crunchies White Bean Hummus (Toddler),gerber,Infant & young child nutrition,brand (clear),,,0,466.66666,0.0,16.666666,0.0,0.8333333,13.333333,
7613038980027,ICE 3/1,nescafe,Coffee & creamers,brand (clear),,,0,55.0,7.4,1.7,0.8,0.1,0.4,0.4
0050000724635,Natural bliss coffee creamer,coffee-mate,Coffee & creamers,brand (clear),,,,233.33333,33.333332,10.0,6.6666665,,0.0,
7891000016589,,nescafe,Coffee & creamers,brand (clear),,,,,,,,,,
8801055062287,Nescafé Cappuccino Strong,nescafe,Coffee & creamers,brand (clear),,,,50.0,5.3,1.5,1.4,,1.7,
9300605042513,Smarties,nestle,Chocolate & confectionery,name/category keywords,E,,,450.0,72.5,15.0,8.75,0.125,2.5,
0013800639134,Shrimp alfredo frozen entree,nestle,Unclassified,none,,,,103.8961,1.2987,2.9221,1.1364,0.6737012,6.1688,
7613034759344,NAN optipro 2,nestle,Infant & young child nutrition,name/category keywords,,,,,,,0.0,,,
7613032180157,centella,nestle,Unclassified,none,,,0,,,,,,,
7613038152530,Nesquik Frutilla,nesquik,Dairy & milk drinks,name/category keywords,C,4,4,43.0,6.5,0.95,0.6,0.102,2.0,
7613037403008,Little steps,nestle,Unclassified,none,,,,,,,,,,
9400556015397,Creamy chicken,maggi,Culinary & meals,brand (clear),,,0,,,,,,,
7702024027539,Caldo de Gallina Maggi,maggi,Culinary & meals,brand (clear),,,,,,,,,,
9300605117211,Allen’s Freckles,nestle,Chocolate & confectionery,name/category keywords,,4,5,478.0,68.0,18.5,16.0,0.25,4.5,
7613036959681,NAN EVOLIA HA 2,nestle,Unclassified,none,,,,,,,,,,
0050000542734,Funfetti Coffeemate,nestle,Coffee & creamers,name/category keywords,,,,233.33333,33.333332,10.0,0.0,,0.0,
9300605128675,Golden Rough,nestle,Unclassified,none,,4,2,542.5,54.1,33.1,29.4,0.245,4.6,
9300605004993,Milo,milo,Dairy & milk drinks,brand (clear),,4,1,382.40918,44.0,9.5,6.5,0.35,12.5,4.0
01386677,Lean Cuisine Garlic Chicken Spring Rolls,nestle,Unclassified,none,,4,0,,,,,,,
07524139,,thomy,Culinary & meals,brand (clear),,,,,,,,,,
7613039433355,Praline Latte,nescafe,Coffee & creamers,brand (clear),,,,,,,,,,
6211002497147,Nestle coffee creamer,nestle,Coffee & creamers,name/category keywords,,,,,,,,,,
6043000011373,,maggi,Culinary & meals,brand (clear),,,,177.0,12.3,4.0,2.5,3.33,6.7,
0050000704194,Caramel latte liquid coffee creamer,nestle,Coffee & creamers,name/category keywords,D,4,3,233.3333,33.3333,10.0,0.0,0.16666675,0.0,
0015000009038,Graduates pasta pickups chicken and carrot ravioli,gerber,Infant & young child nutrition,brand (clear),,4,4,82.35,1.18,1.18,0.0,0.5678,3.53,1.18
9400556017063,Cheese sauce,maggi,Culinary & meals,brand (clear),,3,0,,,,,,,
9300605132559,Milo,nestle,Dairy & milk drinks,name/category keywords,E,4,1,0.4,43.6,9.7,6.3,0.14,12.3,4.1
6111018800514,Nesquik,nesquik,Dairy & milk drinks,name/category keywords,,,,369.0,24.9,1.7,0.6,0.44,8.4,
7613036565936,Maggi bouillon blokjes,maggi,Culinary & meals,brand (clear),,4,2,,,,,,,
3033710081967,Nesquik,nesquik,Dairy & milk drinks,name/category keywords,,,,,,,,,,
7613032937072,Nescafé Original,nestle,Coffee & creamers,name/category keywords,,,,,,,,,,
8000300375930,Tiramisu all’ italiana,nestle,Unclassified,none,D,4,5,205.0,24.0,6.6,3.5,0.1,3.3,0.6
7613036940030,Starbucks Espresso Roast,dolce-gusto,Coffee & creamers,brand (clear),,,,,,,,,,
5900020027405,Fitness chocolate,nestle,Breakfast cereals,name/category keywords,C,,,385.0,17.8,9.6,3.0,0.45,7.6,7.3
7613039867020,Smarties buttons,nestle,Chocolate & confectionery,name/category keywords,,4,6,,,,,,,
6171100031714,Lait nido,nestle,Dairy & milk drinks,name/category keywords,,,,,0.0,,0.0,,,
0155421540410,kit kat,nestle,Chocolate & confectionery,name/category keywords,,,,,,,,,,
6009188004811,KitKat chocolate,nestle,Chocolate & confectionery,name/category keywords,,,,525.8,18.1,28.9,18.1,0.17,6.1,
7613033909115,,nestle,Unclassified,none,,,,,,,,,,
9300605108127,Nestle Top n Fill caramel,nestle,Chocolate & confectionery,name/category keywords,,,0,,,,,,,
7501058626592,Cargando…Nestlé  klim deslactosada,nestle,Unclassified,none,,4,1,154.0,36.4,14.5,6.2,0.0,15.0,0.0
7613034412010,Trix,nestle,Breakfast cereals,name/category keywords,D,4,9,380.0,30.0,5.3,1.8,0.7,4.7,5.5
7613035120327,Nesquik cereal,nesquik,Breakfast cereals,name/category keywords,,,,366.66666,30.0,5.0,0.0,0.9166667,6.6666665,
0065000133592,Good start baby formula 6 months +,nestle,Infant & young child nutrition,name/category keywords,,,,,,,,,,
9400556015342,spag bol,maggi,Culinary & meals,brand (clear),,4,2,,,,,,,
7613034338129,,nestle,Unclassified,none,,,,,,,,,,
7613036344838,Chili sauce,thomy,Culinary & meals,brand (clear),,,,,,,,,,
78189270,Loading…,nestle,Unclassified,none,,,,,,,,,,
1374429181312,Double choc mocha,nescafe,Coffee & creamers,brand (clear),,,0,93.0,11.7,2.3,,,2.2,
8850127005196,กาแฟ เอสเปรสโซ่ โรสต์,nestle,Coffee & creamers,name/category keywords,,4,7,378.0,37.8,8.11,8.11,0.618,5.41,0.0
9300605107625,Milk Choc bits,nestle,Chocolate & confectionery,name/category keywords,,4,1,538.0,54.5,31.5,19.0,,8.0,
8717896010335,lait en poudre NIDO FORTI CROISSANCE,nestle,Dairy & milk drinks,name/category keywords,,4,1,406.0,46.0,11.5,7.6,0.825,29.5,0.0
07176289,,nestle,Unclassified,none,,,,,,,,,,
7613037010367,Aardappelpuree,maggi,Culinary & meals,brand (clear),B,4,4,68.0,0.9,1.1,0.8,0.4,1.6,1.0
9300605130852,milky bar,nestle,Unclassified,none,,4,2,,55.5,33.2,19.4,0.1875,7.7,
7613036713818,Nesquik banana flavor,nesquik,Chocolate & confectionery,name/category keywords,D,4,1,,,,,,,
7891000297490,Achocolatado,nestle,Beverages,name/category keywords,,,,,,,,,,
8934804035130,Dolce Gusto,nescafe,Coffee & creamers,brand (clear),,,,,,,,,,
9300605129269,Kit Kat,nestle,Chocolate & confectionery,name/category keywords,,,,523.4,48.1,28.7,16.0,0.245,1.2,
7613035279254,Nan confort 2,nestle,Unclassified,none,,,,,,,0.0,,,
7613037927818,Espresso extra crema,nescafe,Coffee & creamers,brand (clear),,,,,,,,,,
5900020036858,Płatki kukurydziane Corn Flakes,nestle,Breakfast cereals,name/category keywords,,,,,,,,,,
9300605165953,Hot chocolate complete mix,nestle,Chocolate & confectionery,name/category keywords,,,,50.0,7.5,1.0,0.85,0.1425,1.15,0.43
7613035758377,Optifast,nestle,Health & clinical nutrition,name/category keywords,,4,11,340.0,19.0,8.5,1.7,8.0,37.7,6.8
7613037947090,,nestle,Unclassified,none,,,,,,,,,,
7891000276631,,nestle,Unclassified,none,,4,0,,,,,,,
0065000654165,Bon Départ Plus,nestle,Unclassified,none,,,,,,,,,,
7630054474644,Ispirazione firenze arpeggio,nespresso,Coffee & creamers,brand (clear),,,0,,,,,,,
06148603,cerelac maïs avec du lait,nestle,Breakfast cereals,name/category keywords,,4,1,410.0,,10.0,,0.000371,15.0,4.4
0041548913964,Outshine Fruit and Veggie Bars,nestle,Unclassified,none,,,,97.8261,19.5652,0.0,0.0,,0.0,
7613035320697,Cacao,nestle,Dairy & milk drinks,name/category keywords,,,,400.0,5.0,3.5,2.0,0.0,8.0,
8585002437297,bujón hovězí,maggi,Culinary & meals,brand (clear),,,,,,,,,,
7613038151878,Nesquik Banana,nesquik,Dairy & milk drinks,name/category keywords,,,,43.0,6.5,0.95,0.6,0.4,2.0,
4902201418782,Instant Coffee Deep Roasted,nescafe,Coffee & creamers,brand (clear),,1,0,301.0,0.0,1.1,0.0,1.2446e-19,13.9,0.0
7891000275634,naturnes,nestle,Infant & young child nutrition,name/category keywords,,,,,,,,,,
8801155208011,네스퀵,nestle,Unclassified,none,,,,150.0,,,,,,
10169568,,cailler,Chocolate & confectionery,brand (clear),,,,,,,,,,
7613039831113,Kalfs fond,maggi,Culinary & meals,brand (clear),E,,,319.0,13.6,2.5,0.5,16.8,8.4,1.0
7290111561986,Saucisse fumée végétarienne,garden-gourmet,Culinary & meals,brand (clear),D,4,3,296.0,1.5,24.0,2.7,1.3,15.0,1.7
0015000191689,Organic gluten free biscuits Apple,gerber,Infant & young child nutrition,brand (clear),,,,40.0,2.0,1.5,1.0,0.0,0.0,
8901058870183,maggi,nestle,Culinary & meals,name/category keywords,,,,,,,,,,
7898215157311,Leite Ninho Integral Zero Lactose,nestle,Dairy & milk drinks,name/category keywords,,4,1,,,,,,,
9400556015458,mild curry sausages,maggi,Culinary & meals,brand (clear),,,0,,,,,,,
11091059,,milo,Dairy & milk drinks,brand (clear),,,,,,,,,,
4891118077376,regular coffee,nescafe,Coffee & creamers,brand (clear),E,4,4,41.0,6.33,0.905,0.619,0.15,1.0,
7613034993816,Peptamen gunior,nestle,Health & clinical nutrition,name/category keywords,,4,0,,,,,,,
5201219486288,Nescafe,nescafe,Coffee & creamers,brand (clear),,,,,,,,,,
9300605117204,Frantales,nestle,Unclassified,none,,4,2,,,,,,,
7891000088982,,nestle,Unclassified,none,,,,,,,,,,
6043000011359,Nido,nestle,Dairy & milk drinks,name/category keywords,,4,2,490.0,46.0,26.0,14.0,0.9017,18.0,
7613038703954,Latte Macchiato Caramel,nescafe,Coffee & creamers,brand (clear),,,,530.303,60.6061,15.1515,11.3636,0.47348475,15.1515,
0013800512789,Chicken enchilada bowl,nestle,Culinary & meals,name/category keywords,,4,9,123.6749,1.0601,4.2403,2.1201,0.6183745,8.4806,
7613036995801,,cerelac,Infant & young child nutrition,brand (clear),,,,,,,,,,
7613037029512,Papa Infantil para Preparar com Água,nestle,Infant & young child nutrition,name/category keywords,,,1,,,,,,,
0055000196246,Coffee mate noisette,coffee-mate,Coffee & creamers,brand (clear),,,,,,,,,,
89000717,Maggi rich tomato sauce,maggi,Culinary & meals,brand (clear),,4,0,137.0,30.4,,0.0,,0.8,1.4
9300605054363,Plaistone Chocolate,nestle,Chocolate & confectionery,name/category keywords,,,0,581.5315,26.1261,45.4955,27.027,,27.027,
7613036681230,Thomy Mayonnaise delicatess,nestle,Culinary & meals,name/category keywords,,,,,,,,,,
0028000205577,Funfetti Vanilla Cake Flavored Morsels,nestle,Chocolate & confectionery,name/category keywords,E,,,500.0,71.4286,28.5714,25.0,0.1785715,0.0,
7861091155573,Galleta de Sal,nestle,Chocolate & confectionery,name/category keywords,,3,1,,,,,,,
6221007030423,Cerelac,nestle,Infant & young child nutrition,name/category keywords,,,,420.0,35.6,10.0,10.0,0.0,6.5,
0050000308637,Pumpkin Spice,coffee-mate,Coffee & creamers,brand (clear),,4,0,233.3333,33.3333,10.0,6.6667,,0.0,
0055000407311,Boost Complete,nestle,Health & clinical nutrition,name/category keywords,,,,230.0,9.0,8.0,1.6,0.725,20.0,
9300605116757,nan supreme,nestle,Unclassified,none,,,,,,,,,,
7613033635540,Full Cream Sweeten Condensed Milk,nestle,Dairy & milk drinks,name/category keywords,E,3,0,325.0,56.0,8.0,5.2,0.4318,7.3,
7613036584357,Мurа MegaBite,nestle,Unclassified,none,,,0,,19.3,14.9,7.6,0.12,,0.8
0028000306793,Nestle toll house artisan collection extra semi-sweet,nestle,Chocolate & confectionery,name/category keywords,,,,16.4286,50.0,28.5714,17.8571,0.0,7.1429,
7290109358970,Vegetariánský hotový pokrm na bázi sojových a pšeničných bílkovin,garden-gourmet,Culinary & meals,brand (clear),B,3,0,244.0,2.4,12.0,1.3,1.3,16.0,5.5
75003456,,nestle,Unclassified,none,,,,,,,,,,
00059918,a,nestle,Unclassified,none,,4,4,,,,,,,
7613035547940,Nestle Nativa,nestle,Unclassified,none,,,,,0.0,,0.0,,,
7501058625366,café instantaneo,nestle,Coffee & creamers,name/category keywords,,,0,,,,,,,
5900452078419,Gerber,gerber,Infant & young child nutrition,brand (clear),,,,56.0,,0.2,,,0.3,
7613034275363,ליון,nestle,Chocolate & confectionery,name/category keywords,,,,,,,,,,
6043000011298,Gloria,nestle,Dairy & milk drinks,name/category keywords,,4,2,490.0,46.0,26.0,13.1,0.8875,18.0,
7501058647023,Cafe instantàneo,nescafe,Coffee & creamers,brand (clear),,,0,,,,,,,
11823906,trix,nestle,Breakfast cereals,name/category keywords,,,,,,,,,,
7616100030583,Nesscafe Gold Coffee -,nestle,Coffee & creamers,name/category keywords,,,0,1.0,0.0,0.0,0.0,0.0,0.2,0.0
9300605107540,melts white choc,nestle,Chocolate & confectionery,name/category keywords,E,4,2,542.0,69.3,28.0,26.0,0.133,2.0,
22203212,Evaporated Milk,nestle,Dairy & milk drinks,name/category keywords,,,,,,,,,,
10838884,Lean Cuisine Grilled Chicken Caesar,nestle,Unclassified,none,,4,0,,,,,,,
7613037043693,Nesquik,nestle,Chocolate & confectionery,name/category keywords,,,,,,,,,,
8901058839456,sunrise,nescafe,Coffee & creamers,brand (clear),,,,,,,,,,
9300605133242,Milo,nestle,Dairy & milk drinks,name/category keywords,C,4,0,370.0,27.0,9.5,1.9,0.3,13.3,11.0
7891000305270,Sabor Doce de Leite,nestle,Chocolate & confectionery,name/category keywords,,,,,,,,,,
0028000898175,Vegetable base,maggi,Culinary & meals,brand (clear),,,,200.0,20.0,0.0,0.0,25.0,0.0,0.0
00106439,Coffee Mat Fat Free,nestle,Coffee & creamers,name/category keywords,,4,3,,,,,,,
6221007030553,Nescafé GOLD Cappuccino sweetened,nescafe,Coffee & creamers,brand (clear),,4,2,,,,,,,
7613039792667,Quality street,nestle,Chocolate & confectionery,name/category keywords,,4,2,465.26315,57.36842,20.526316,12.105263,0.2236842,5.263158,
7613035188013,Idea for oven room bloemkool,maggi,Culinary & meals,brand (clear),E,4,0,298.0,4.4,1.9,0.5,18.0,7.3,3.3
0050000917549,Funfetti Edible Cookie Dough,nestle,Chocolate & confectionery,name/category keywords,E,,,358.97437,35.897434,10.256411,6.4102564,0.7051282,2.5641026,0.0
7501000910670,Peach puree,gerber,Infant & young child nutrition,brand (clear),,,,,0.0,,0.0,,,
7613037279184,Nestum Multicereal Sin Azúcar Agregada,nestle,Breakfast cereals,name/category keywords,,4,2,,,,,,,
9300605136861,2 minute noodles,maggi,Culinary & meals,brand (clear),,,,60.0,1.0,2.1,1.0,0.45,3.68,
01529009,Organic Apple Spinach with Kale,gerber,Infant & young child nutrition,brand (clear),,,,53.0973,8.8496,0.0,0.0,,0.885,
0028000925437,Nesquik,nesquik,Dairy & milk drinks,name/category keywords,,,,87.5,9.1667,3.75,2.0833,0.140625,3.3333,
9556001267962,Malaysian Laksa,maggi,Culinary & meals,brand (clear),,,,75.3611,6.6667,3.1944,1.5556,0.68402773,1.2778,
0028000854232,Arome saveur depuis,maggi,Culinary & meals,brand (clear),,4,3,,,,,,,
6221007031055,Fitness toasties,nestle,Unclassified,none,,,,388.0,4.3,10.0,1.3,1.0,10.0,
9300605136892,Box of Kikat,nestle,Unclassified,none,,,,534.1177,50.588234,27.058823,15.294118,0.20588236,7.0588236,
7630047607028,Vertuo Intenso,nespresso,Coffee & creamers,brand (clear),,,,,,,,,,
4600680000688,,nestle,Unclassified,none,,,,,,,,,,
7630054475689,,nespresso,Coffee & creamers,brand (clear),,,,,,,,,,
7613037686142,Bouillon de poulet,maggi,Culinary & meals,brand (clear),,4,4,3.0,0.1,0.3,0.3,0.53,0.1,0.0
7891000288276,Caldo,maggi,Culinary & meals,brand (clear),,4,4,17.0,0.0,1.1,0.7,1.5575,0.0,0.0
0043900676388,Boost,nestle,Health & clinical nutrition,name/category keywords,,,,101.26582,8.438819,1.6877637,0.42194092,0.15822785,4.2194095,
7613287087560,Cookie Crisp,nestle,Breakfast cereals,name/category keywords,,,,,,,,,,
15084453,Maggi,maggi,Culinary & meals,brand (clear),,,,86.6667,0.0,0.0,0.0,22.833334,0.0,
9300605075696,Teriyaki Sesame stir fry,maggi,Culinary & meals,brand (clear),,,0,,,,,,,
0013800490087,Greek Style Chicken Feta Bowl,nestle,Culinary & meals,name/category keywords,,,,12.457912,1.6835017,3.3670034,0.84175086,0.5892256,8.417508,
8000300387810,Coffee Dark Chocolate,nestle,Coffee & creamers,name/category keywords,,,,526.0,47.0,31.0,19.0,,5.2,
0202730512536,Coffe mate,coffee-mate,Coffee & creamers,brand (clear),,,,233.3333,0.0,6.6667,0.0,,0.0,
0015000210182,Organic Oatmeal Millet Quinoa Cereal (Sitter),gerber,Infant & young child nutrition,brand (clear),,,,60.0,1.0,1.0,0.0,0.0,2.0,
8410076620415,Fibre One Bars,nestle,Unclassified,none,,,,,,,,,,
5900334016423,Nestea Green tea citrus,nestle,Beverages,name/category keywords,,,1,,,,,,,
7630054474668,Ispirazione firenze arpeggio,nespresso,Coffee & creamers,brand (clear),,,,,,,,,,
2058608693863,natural bliss,coffee-mate,Coffee & creamers,brand (clear),,,,213.3333,33.3333,10.0,6.6667,,0.0,
6033000085641,Gloria,nestle,Unclassified,none,,,,134.0,10.7,7.9,3.8,0.2775,4.0,
4606272041268,Nestle,nestle,Unclassified,none,,,,,,,,,,
7613032413224,Sosy do makaronu - Italia Cztery sery z bazylią,nestle,Culinary & meals,name/category keywords,,4,1,,,,,,,
9300605131668,Incredible Burger,nestle,Beverages,name/category keywords,,4,1,,1.33,13.3,,8.65e-07,,3.81
8850125009813,nestle extreme nama พีนัทบัตเตอร์,nestle,Chocolate & confectionery,name/category keywords,E,4,5,329.0,21.4,21.4,10.0,0.304,4.29,0.0
2079419001401,Kellogs crunchy muesly nut,nestle,Unclassified,none,,,,,,,,,,
8690632247434,Damak,nestle,Unclassified,none,,,,543.0,36.0,37.0,19.0,,8.8,
8901058847482,Maggie Pazzta Chese Macaroni,maggi,Culinary & meals,brand (clear),D,,,351.0,2.5,3.5,1.7,1.347,11.5,
93625357,Nescafe Gold Green Blend,nescafe,Coffee & creamers,brand (clear),,,,1.0,0.0,0.0,0.0,0.0,0.2,
7501058633934,NAN optipro,nestle,Infant & young child nutrition,name/category keywords,,,,,0.0,,0.0,,,
9300605130265,Sustagen Sport - chocolate flavour,nestle,Chocolate & confectionery,name/category keywords,,4,0,352.0,55.0,1.3,0.7,0.625,25.0,
7613036890656,Veggie Rondo,garden-gourmet,Culinary & meals,brand (clear),C,,0,227.0,1.8,11.6,3.3,1.1,11.0,3.7
6009188004750,SWEET CHILLI,maggi,Culinary & meals,brand (clear),,,,59.0,39.0,0.5,0.0,8.1775,0.4,
7630039695088,Indonesia,nespresso,Coffee & creamers,brand (clear),,,,,,,,,,
7613287147493,Sauce tartare,thomy,Culinary & meals,brand (clear),,,,,,,,,,
0028000982300,Tomato Sauce,maggi,Culinary & meals,brand (clear),,,,156.25,31.25,0.0,0.0,2.1875,0.0,
8593893761988,Čokoláda krémová oříšková,nestle,Chocolate & confectionery,name/category keywords,E,4,1,555.0,54.0,34.0,18.0,0.11,6.1,2.4
0015000070144,Organic Rice Cereal (Supported Sitter),gerber,Infant & young child nutrition,brand (clear),,,,400.0,6.6666665,3.3333333,0.0,0.16666667,6.6666665,0.0
0088169029643,Queso procesado tipo americano LiteLine,nestle,Unclassified,none,,,,280.0,4.32,21.0,13.0,1.25,17.0,
12757808,Coffee Mate,nestle,Coffee & creamers,name/category keywords,,,,,,,,,,
7340024185400,Ovo-Vegetarian Schnitzel,nestle,Unclassified,none,A,,,223.0,2.4,11.0,1.1,1.25,17.0,5.8
6173811507564,,nescafe,Coffee & creamers,brand (clear),,,,,,,,,,
13516139,mayonnaise,thomy,Culinary & meals,brand (clear),E,3,0,739.0,0.5,81.0,8.2,1.2,0.8,0.5
7613035909212,Nescafé Gold Finesse,nescafe,Coffee & creamers,brand (clear),,,,,,,,,,
8585002438003,Klar Kjøttbuljong,nestle,Unclassified,none,C,4,0,5.2,0.32,0.12,0.04,0.72,0.08,0.0
8585002411730,Klar fiskebuljong,maggi,Culinary & meals,brand (clear),E,4,1,250.0,8.2,6.1,0.7,37.25,0.6,0.1
7610100069819,Sitron Iste,nestle,Beverages,name/category keywords,,4,2,370.0,,0.0,,,0.0,
7613035830950,Nescafé Gull,nescafe,Coffee & creamers,brand (clear),,1,0,,,,,,,
7702024565345,Milo,nestle,Chocolate & confectionery,name/category keywords,,,0,360.0,24.0,4.0,4.0,0.65,8.0,4.0
7702024801986,Milo,nestle,Chocolate & confectionery,name/category keywords,,,,60.0,48.0,6.0,4.0,0.65,12.0,48.0
0015000047702,Yogurt Blends,gerber,Infant & young child nutrition,brand (clear),,,,101.0101,12.121212,3.030303,1.010101,0.15151516,3.030303,0.0
8901058101577,Tomato Ketchup,maggi,Culinary & meals,brand (clear),E,,,139.0,30.8,0.0,0.0,2.565225,1.2,
4603341000416,Detskaia kasha,nestle,Unclassified,none,,,,,0.0,,0.0,,,
7613287133625,Tomatensoep,maggi,Culinary & meals,brand (clear),,,,12.0,1.3,0.1,0.1,0.73,0.3,0.1
0015000003098,Peach (Supported Sitter),gerber,Infant & young child nutrition,brand (clear),,,,80.35714,14.285714,0.0,0.0,,1.7857143,1.7857143
7613287216229,Krem supa od vrganja i šitake pečuraka,nestle,Culinary & meals,name/category keywords,,,0,361.0,7.9,10.1,1.0,10.8,11.1,3.0
7613032218980,Double Choca Mocha,nescafe,Coffee & creamers,brand (clear),,4,3,383.0,54.1,7.6,6.6,1.0,8.4,4.1
0050000873593,Almond milk creamer,nestle,Coffee & creamers,name/category keywords,,4,3,200.0,33.3333,6.6667,3.3333,0.33333325,0.0,
7702024666998,Saltinas Integrales,nestle,Chocolate & confectionery,name/category keywords,D,4,5,424.0,3.03,12.1,4.55,1.97,9.09,0.0
10712243,Fitness Original,nestle,Breakfast cereals,name/category keywords,B,,,367.0,10.0,3.33,0.0,0.958,10.0,10.0
01214533,Fitness Original,nestle,Unclassified,none,,,,,,,,,,
3800020472989,KitKat Senses,nestle,Chocolate & confectionery,name/category keywords,E,4,2,530.0,46.9,29.8,16.2,0.29,8.4,2.4
7613038604756,"Almond, Peanut & Double Dark Choc",nestle,Beverages,name/category keywords,E,,,514.0,15.5,33.8,7.7,0.44,22.9,
9300605125490,,nestle,Unclassified,none,,,,,,,,,,
0015000937539,Gerber organic nd foods baby food apples,gerber,Infant & young child nutrition,brand (clear),,,,50.0,10.0,0.0,0.0,0.0,0.0,
5900020024374,,nesquik,Dairy & milk drinks,brand (default),,,,,,,,,,
0050000986149,Natural Bliss with Prebiotic,coffee-mate,Coffee & creamers,brand (clear),,,,25.0,3.0,0.5,0.0,,0.0,
7613035758315,Optifast,nestle,Health & clinical nutrition,name/category keywords,,,,85.0,3.6,1.9,0.4,16.8,8.4,
7613038457833,BEBA Optipro Junior 12+,nestle,Infant & young child nutrition,name/category keywords,,,,,,,,,,
6181002000381,MAGGI BOEUF,maggi,Culinary & meals,brand (clear),,,,171.0,8.8,4.0,2.3,24.0,7.7,
9707270056409,Milo,nestle,Chocolate & confectionery,name/category keywords,,4,1,,,,,,,
7613033458118,Cappuccino,nestle,Coffee & creamers,name/category keywords,,,,52.0,51.0,7.5,6.7,0.0,8.9,
7613037010442,Aardappel Puree a la minute,maggi,Culinary & meals,brand (clear),C,,,,,,,,,
0068274311628,Still water Beverage with Potassium - Orange Flavored,nestle,Beverages,name/category keywords,B,4,2,2.54,0.0,0.0,0.0,0.0,0.0,0.0
01528602,Pear,gerber,Infant & young child nutrition,brand (clear),,,,25.6637,10.6195,0.0,0.0,,0.885,
4600680008554,nestogen  2 premium,nestle,Infant & young child nutrition,name/category keywords,,,,,,,,,,
7891000309094,Cheerios Miel,nestle,Breakfast cereals,name/category keywords,D,4,2,355.0,30.0,2.9,0.8,0.86,7.0,9.0
6221007031703,Fitness biscuits,nestle,Chocolate & confectionery,name/category keywords,D,,,472.0,23.1,17.0,6.8,0.53,8.2,6.2
7640140337159,Café nespresso,nespresso,Coffee & creamers,brand (clear),,,,,,,,,,
8593893724242,chocolate,nestle,Chocolate & confectionery,name/category keywords,,,,,,,,,,
7610100450549,Chocolat suisse,cailler,Chocolate & confectionery,brand (clear),,,,,,,,,,
5060234983383,chocolate frosting,nestle,Chocolate & confectionery,name/category keywords,,4,3,,,,,,,
5000159530484,Malteasers Buttons (mint),nestle,Unclassified,none,,,,,,,,,,
8992696430266,PT Nestle Indonesia,nestle,Unclassified,none,,,,,,,,,,
8000270703474,Penne Pasta,buitoni,Culinary & meals,brand (clear),,,,,,,,,,
4606272026166,Nestle,nesquik,Dairy & milk drinks,brand (default),,,,40.0,16.0,50.0,20.0,0.1,1.6,
0050000743056,oat milk creamer,nestle,Coffee & creamers,name/category keywords,,4,2,200.0,26.666666,6.6666665,6.6666665,0.41666666,0.0,
9300605075634,Honey soy stir fry,maggi,Culinary & meals,brand (clear),,,,222.27533,31.2,7.8,,3.925,1.3,
9300605140554,Milo high in protein,milo,Dairy & milk drinks,brand (clear),C,4,1,,22.5,3.8,1.4,0.3625,24.1,5.9
8593893774117,шоколад молочний Світоч Exclusive з чорничною начинкою,nestle,Unclassified,none,,,0,,56.8,28.4,,0.131,6.11,1.75
9300605139350,chokito bites,nestle,Chocolate & confectionery,name/category keywords,,4,6,,,,,,,
7891000286487,Nescafé Tradición,nescafe,Coffee & creamers,brand (clear),,1,0,,,,,,,
0041508834469,Purified Drinking water,nestle,Beverages,name/category keywords,B,1,0,0.0,0.0,0.0,0.0,0.0,0.0,0.0
0068274311666,Pure Life Plus active with Potassium (orange flavor) Enhanced Water,nestle,Beverages,name/category keywords,,4,1,,,,,,,
0068274347368,Nestle pure life revive,nestle,Beverages,name/category keywords,B,4,1,0.16920474,0.0,0.0,0.0,0.0,0.0,0.0
7802950066906,condensada,nestle,Dairy & milk drinks,name/category keywords,,,,,,,,,,
7501058633910,Nan,nestle,Infant & young child nutrition,name/category keywords,,4,3,,,,,,,
9300605136762,Nouilles instantanées enrichies,maggi,Culinary & meals,brand (clear),,,,60.0,1.0,2.1,1.0,0.18,3.6,
7702024053224,La Lechera,nestle,Dairy & milk drinks,name/category keywords,E,3,0,300.0,56.7,6.67,3.33,0.25,6.67,0.0
7613287331373,Cini Minis Churros,nestle,Breakfast cereals,name/category keywords,D,,,398.0,25.0,5.67,0.667,1.0,7.67,5.33
7613036304610,Gold decaf,nescafe,Coffee & creamers,brand (clear),,,,,,,,,,
7613287133274,Farinha Lactea,nestle,Unclassified,none,,,,,0.0,,0.0,,,
7613038883762,leche asada Nestlé,nestle,Dairy & milk drinks,name/category keywords,,4,11,,,,,,,
06593971,Arome Maggi,maggi,Culinary & meals,brand (clear),,,,92.0,4.9,0.5,0.1,19.3,15.0,
7613039542767,Aero Dreamy Snowbubbles,nestle,Chocolate & confectionery,name/category keywords,,4,1,524.0,58.7,28.6,15.9,0.218,6.35,1.59
0065000133608,Good Start Plus,nestle,Unclassified,none,,,,,,,,,,
0013800453808,Unwrapped chicken burrito,nestle,Unclassified,none,,4,2,114.4781,2.0202,2.3569,1.1785,0.5218855,8.0808,
0028000918514,Milo Chocolate Malt,nestle,Chocolate & confectionery,name/category keywords,,4,4,391.3043,47.8261,6.5217,4.3478,0.652174,8.6957,
7613287004239,Lungo,nescafe,Coffee & creamers,brand (clear),,,,,,,,,,
18043990,cubito de pollo,nestle,Unclassified,none,,,,,,,,,,
7702024060215,Nescafé Dolca,nestle,Coffee & creamers,name/category keywords,,,0,,,,,,,
7613036128650,triangulo,nestle,Unclassified,none,,,,,,,,,,
0050000403677,Natural Bliss Hazelnut,coffee-mate,Coffee & creamers,brand (clear),,,,233.3333,33.3333,10.0,6.6667,,0.0,
4600680015088,Zebra dark & white,nestle,Unclassified,none,,,,521.0,48.9,27.6,14.8,0.13,5.7,
4823000921658,Milk chocolate honey taste & salted caramel,nestle,Chocolate & confectionery,name/category keywords,E,4,1,525.0,61.0,28.0,17.0,0.19,5.0,1.7
4902201423984,Mulk tea,nestle,Beverages,name/category keywords,,,,,,,,,,
7613036268677,Delissa,nestle,Chocolate & confectionery,name/category keywords,E,4,2,552.0,42.0,33.0,16.0,0.3,5.5,1.7
01702781,,nesquik,Dairy & milk drinks,brand (default),,,,,,,,,,
9300605132740,Dulce de Leche Squeeze,nestle,Dairy & milk drinks,name/category keywords,E,4,0,282.27274,48.18182,7.2727275,4.090909,0.22727273,6.818182,
7891000276402,prestigio achocolatado en pó,nestle,Chocolate & confectionery,name/category keywords,,4,0,360.0,65.0,3.0,0.0,0.445,5.0,5.5
9300605130531,Liquid coffee whitener,nestle,Coffee & creamers,name/category keywords,,4,5,250.0,4.9,13.5,12.8,,1.0,
8850125078680,เนสกาแฟ โกลด์,nestle,Coffee & creamers,name/category keywords,,,0,,,,,,,
8992696521001,Nestum,nestle,Infant & young child nutrition,name/category keywords,,,,,,,,,,
7702024060192,Nescafé Dolca,nestle,Coffee & creamers,name/category keywords,,,0,,,,,,,
04384300,Colliders layered,nestle,Unclassified,none,,4,5,202.0,23.232323,10.10101,10.10101,0.45454547,1.010101,0.0
7702024104599,fitness,nestle,Chocolate & confectionery,name/category keywords,,4,1,,3.0,3.0,,43.18,3.0,2.0
0050000768080,Edible batter,nestle,Unclassified,none,,4,0,358.97437,35.897434,11.538462,7.6923075,0.44871795,2.5641026,
9556001271334,Gerber puffs,gerber,Infant & young child nutrition,brand (clear),,,0,,,,,,,
42395096,Knoblauch mit Kräutern,thomy,Culinary & meals,brand (clear),D,,,320.0,4.3,30.1,3.0,1.3,1.4,0.5
7613034967138,AL 110,nestle,Unclassified,none,,,,,,,,,,
8690632014104,Nestle Coffee Mate,nestle,Coffee & creamers,name/category keywords,,4,7,,,,,,,
0015000047467,Gerber,gerber,Infant & young child nutrition,brand (clear),,,0,,0.0,,0.0,,,
8961008213866,Nesfruta,nestle,Beverages,name/category keywords,,4,5,,,,,,,
6194005297405,Grain d'or,nestle,Breakfast cereals,name/category keywords,,,0,,,,,,,
7290112963895,קרקר דגנים,nestle,Unclassified,none,,,,461.0,6.6,17.0,,,12.5,5.0
0013800232120,Sweet & Sour Chicken bowl,nestle,Culinary & meals,name/category keywords,,4,2,115.75563,6.430868,1.9292605,0.48231512,0.7395498,4.180064,0.6430868
8901058855845,Lactogen 2,nestle,Infant & young child nutrition,name/category keywords,,,,,,,,,,
7613287236470,pure chef maggi,maggi,Culinary & meals,brand (clear),,,2,,,,,,,
7702024066101,Nescafe Tradición,nestle,Coffee & creamers,name/category keywords,,,0,,,,,0.0,,
5900020038500,Cereales bio nesquik,nesquik,Breakfast cereals,name/category keywords,D,,,376.0,24.9,2.0,0.7,0.42,8.5,
8000300395624,Easter break kit kat 5xbunnies,nestle,Chocolate & confectionery,name/category keywords,,,,,,,,,,
7613287490063,Super soup,maggi,Culinary & meals,brand (clear),,,,328.0,13.0,2.6,0.3,8.67,10.7,
8593893771093,Margot artemis,nestle,Chocolate & confectionery,name/category keywords,,,,,52.0,19.0,,0.06,8.3,4.1
7613036500708,crema de leche,nestle,Dairy & milk drinks,name/category keywords,,4,2,,,,,,,
0059800848572,Smarties,nestle,Chocolate & confectionery,name/category keywords,E,,,466.66666,73.333336,15.555555,8.888889,0.11111111,4.4444447,
5178116730830,Double espresso Chiaro,nespresso,Coffee & creamers,brand (clear),,,,,,,,,,
4891118077536,WORLD COFFEE,nescafe,Coffee & creamers,brand (clear),,,,,,,,,,
7501058626097,Nido Kinder,nido,Dairy & milk drinks,name/category keywords,,,,96.385544,9.638555,3.6144578,1.2048193,0.19578314,3.6144578,
09402210,Lion Breakfast Cereal,nestle,Breakfast cereals,name/category keywords,,,,336.0,21.6,10.4,7.6,,4.4,3.6
5204739612724,Сладолед с вкус на бисквити,nestle,Chocolate & confectionery,name/category keywords,E,4,6,357.0,30.0,21.0,15.0,0.35,4.4,0.6
0041679159019,Boost Chocolate Latte,nestle,Health & clinical nutrition,name/category keywords,,,,97.04642,5.907173,2.5316455,0.29535866,0.27953586,4.2194095,0.0
0059800301466,KitKat,nestle,Chocolate & confectionery,name/category keywords,,,,525.0,47.5,25.0,15.0,,7.5,
12614107,Bouillon kub volaille,maggi,Culinary & meals,brand (clear),,,,217.0,17.4,7.1,3.9,,7.0,5.0
9300605134966,slow cooker tender pulled pork tacoes,maggi,Culinary & meals,brand (clear),,4,1,,,,,,,
7613037013573,Ontbijtpapje biscuit,nestle,Chocolate & confectionery,name/category keywords,,4,0,,,,,,,
7613036137874,Melkchocoladepralines met karamelvulling,nestle,Chocolate & confectionery,name/category keywords,E,4,1,481.0,59.1,20.7,11.1,0.288,4.33,0.962
0043695948950,buffalo style chicken hot pocket,nestle,Culinary & meals,name/category keywords,,,,204.18848,2.094241,6.8062825,2.617801,1.5314136,9.424084,
9556001222343,Milo Nuggest 25Gr,milo,Dairy & milk drinks,brand (clear),,,0,,,,,,,
8901058842142,a+ slim,nestle,Unclassified,none,B,1,0,34.0,5.0,0.2,0.1,0.125,3.0,0.0
8901058869088,Nouille masala,nestle,Unclassified,none,,,,427.0,1.2,15.7,6.8,2.93075,8.0,
0872513001771,Aero milk chocolate bar,nestle,Chocolate & confectionery,name/category keywords,,,,556.0,58.3,30.6,16.7,0.0,5.56,0.0
7613039432334,Nan 3,nestle,Unclassified,none,,,,,0.0,,0.0,,,
01521375,Le bon Paris,herta,Culinary & meals,brand (clear),,,,105.0,0.5,2.5,1.0,,20.0,0.5
0059800850254,Kitkat Orange,nestle,Chocolate & confectionery,name/category keywords,,,,110.0,11.0,5.0,3.0,0.0,1.0,
5900020038401,Cheerios Oat,nestle,Breakfast cereals,name/category keywords,B,,,362.0,9.0,6.3,1.3,0.72,10.4,10.3
9400556017179,"maggi cheese, onion & herb sauce",maggi,Culinary & meals,brand (clear),,4,2,,,,,,,
5900020004901,Nestle Corn Flakes honey & nut Gluten free,nestle,Breakfast cereals,name/category keywords,,4,2,,,,,,,
9300605139343,Milky Bar Gold,nestle,Chocolate & confectionery,name/category keywords,E,4,2,566.4,53.7,35.7,20.5,0.1975,7.6,
66060802,Fitness цельные злаки,nestle,Unclassified,none,,,,348.0,26.0,3.4,2.1,,7.6,7.3
7630054475641,Roma,nespresso,Coffee & creamers,brand (clear),,,,,,,,,,
7613287261137,Dolca Mocha,nescafe,Coffee & creamers,brand (clear),,4,4,55.0,4.5,1.9,1.7,0.06,1.9,0.7
7613039672815,Nestle NAN SUPREME PRO 3,nestle,Unclassified,none,,,,,,,,,,
9300605125049,Nescafé,nescafe,Coffee & creamers,brand (clear),,,,4.1,1.0,1.0,1.0,,1.0,
0013800633354,Beef and Chorizo Taco Bowl,nestle,Culinary & meals,name/category keywords,,4,1,134.28,1.06,6.01,2.47,0.69,7.07,
0055000383820,Kit kat drumstick,nestle,Chocolate & confectionery,name/category keywords,D,,,232.0,21.6,10.4,7.2,0.2,2.4,0.7407407
7630039695460,,nespresso,Coffee & creamers,brand (clear),,,,,,,,,,
7613287320254,Kit kat,nestle,Chocolate & confectionery,name/category keywords,,,,,,,,,,
4994994620060,Kit kat chunky,nestle,Chocolate & confectionery,name/category keywords,,,,,,,,,,
0041548782584,Outshine Simply Indulgent - chocolate,nestle,Chocolate & confectionery,name/category keywords,,4,2,68.181816,8.333333,2.2727273,1.5151515,,3.7878788,
7613037378269,Little Steps Morsmelkerstatning basert på melk,nestle,Infant & young child nutrition,name/category keywords,,4,0,495.0,60.0,24.0,5.6,0.375,10.9,
7613037135213,NeturNes Baby's Organic,nestle,Infant & young child nutrition,name/category keywords,,3,0,43.0,2.5,1.2,0.1,0.03,0.8,1.3
7501058637710,NAN OPTIPRO 2,nestle,Infant & young child nutrition,name/category keywords,,4,4,,,,,,,
7501058637680,OPTIPRO 1,nestle,Infant & young child nutrition,name/category keywords,,4,5,522.0,,27.7,,0.525,9.5,
7613287260376,Dolca Cappuccino,nescafe,Coffee & creamers,brand (clear),,,,53.0,5.2,1.6,1.4,,1.9,0.7
01564303,Natural Pear,gerber,Infant & young child nutrition,brand (clear),,,,,0.0,,0.0,,,
7613287436528,Huevos de Pascua,nestle,Chocolate & confectionery,name/category keywords,E,4,1,545.0,51.9,32.5,16.6,0.2275,7.8,
9556001273970,Milo Original,nestle,Dairy & milk drinks,name/category keywords,B,,,16.18268,6.9166665,1.375,0.8333333,0.13020833,3.4166667,
10988733,Bolino France,maggi,Culinary & meals,brand (clear),,,,257.0,2.1,10.0,5.4,,7.9,2.9
05101807,"Steak soja, poivre et persil",herta,Culinary & meals,brand (clear),,,,0.994109,0.019145804,0.02945508,0.002945508,,0.10309278,0.02945508
7702024008118,Maggi Crema de Pollo x 76 gr,nestle,Culinary & meals,name/category keywords,,,,400.0,13.333333,10.0,6.6666665,11.666667,13.333333,0.0
7501058610652,NAN OPTIPRO 3 (HM-0),nestle,Infant & young child nutrition,name/category keywords,,4,3,486.0,48.0,21.0,7.0,0.675,11.0,
6009198000766,Glace rolo,nestle,Dairy & milk drinks,name/category keywords,,,,130.0,16.0,5.0,4.0,0.1375,2.0,
3800029104300,Galaxy Ball,nestle,Dairy & milk drinks,name/category keywords,E,4,5,298.0,30.0,13.0,10.0,0.11,3.4,1.8
11478926,Knacki grillé,herta,Culinary & meals,brand (clear),,,,265.0,2.0,23.0,9.0,,13.0,1.2
11177810,honey stars serials,nestle,Unclassified,none,,4,2,,,,,,,
9556001280046,MAGGI VEGETABLES NOODLES,maggi,Culinary & meals,brand (clear),,,,,,,,,,
8606018613649,Boss White Cocoa ice cream,nestle,Dairy & milk drinks,name/category keywords,E,4,4,330.0,22.0,19.0,13.0,0.11,4.0,0.7
7460123445202,Carnation Sabor a Queso,nestle,Unclassified,none,,,,158.75,11.875,8.75,4.75,0.546875,8.0,
0028000523107,Disco Semi-Sweet Morsels and Edible Glitter Morsels,nestle,Chocolate & confectionery,name/category keywords,E,,,500.0,57.142857,28.571428,17.857143,0.0,7.142857,
9300605004122,Nestle Coffee & Milk,nestle,Coffee & creamers,name/category keywords,,,,,,,,,,
7613033157783,Dolce Gusto Nesquick,nesquik,Coffee & creamers,name/category keywords,,4,1,68.0,8.0,2.0,1.0,0.12,2.0,0.8
8593893770256,Želé s ovocnými a zeleninovými šťávami,nestle,Chocolate & confectionery,name/category keywords,E,4,2,332.0,66.0,0.5,0.1,0.53,0.5,0.9
0015000076559,Gerber nd foods bananas ounce tubs,gerber,Infant & young child nutrition,brand (clear),,,,100.0,20.0,0.0,0.0,5.0,1.0,
0051052223114,Vanilla sandwiches,nestle,Unclassified,none,,,,267.85715,23.214285,8.928572,5.357143,0.58035713,3.5714285,
7613287292858,cafe torrado Nescafe dolca,nescafe,Coffee & creamers,brand (clear),,3,0,,,,,,,
8992696523104,Milo Uht Active Go Pack 4x180Ml,milo,Dairy & milk drinks,brand (clear),,,0,,,,,,,
3800029131245,Сладолед с вкус на пъпеш,nestle,Unclassified,none,D,4,4,261.0,27.0,11.0,8.5,0.11,3.1,1.0
6294003557621,Kitkat golden 5+1,nestle,Chocolate & confectionery,name/category keywords,,,,,,,,,,
0028000268930,Nescafé,nescafe,Coffee & creamers,brand (clear),,,,,,,,,,
06342001,maggi 2 minute noodles,maggi,Culinary & meals,brand (clear),,,,,,,,,,
7460123445400,Leche condesada,nestle,Dairy & milk drinks,name/category keywords,,,,,,,,,,
7613036402927,Leche condensada,nestle,Dairy & milk drinks,name/category keywords,,4,0,,,,,,,
5900020026866,Corn flakes,nestle,Breakfast cereals,name/category keywords,D,4,1,401.0,29.8,4.6,1.0,1.11,7.6,3.4
6294003582814,maggi,maggi,Culinary & meals,brand (clear),,,,,,,,,,
4792024016803,maggi,nestle,Culinary & meals,name/category keywords,,,,,,,,,,
02787572,Pâte brisée,herta,Culinary & meals,brand (clear),,,,373.6842,1.5789474,20.789474,8.684211,,6.0526314,2.1052632
7630047607035,Intenso,nespresso,Coffee & creamers,brand (clear),,,,,,,,,,
7613287261113,Cappucino light,nescafe,Coffee & creamers,brand (clear),,4,4,390.0,40.0,5.0,4.0,1.38,19.0,
0028000850500,Veg Atta masala noodles,maggi,Culinary & meals,brand (clear),,,,424.65753,5.479452,13.69863,6.849315,3.0136986,9.589041,
8606018614622,HIT Vanilla Strawberry,nestle,Unclassified,none,E,4,5,287.0,32.0,16.0,12.0,0.26,1.7,0.9
7613287530721,,nesquik,Dairy & milk drinks,brand (default),,,,,,,,,,
9300605134904,hearty chicken casserole slow cooker,maggi,Culinary & meals,brand (clear),,4,1,,,,,,,
8606018613762,Over topgun choco,nestle,Unclassified,none,,,,263.0,28.9,11.3,8.45,0.106,3.31,
61301856,"YES - Almond, Cranberry & Dark Chocolat",nestle,Chocolate & confectionery,name/category keywords,,,,514.0,14.857142,36.0,7.714286,,16.285713,15.714286
7891000518540,café,nescafe,Coffee & creamers,brand (clear),,,,,,,,,,
7613287028815,Nan comfort,nestle,Unclassified,none,,4,3,,0.0,,0.0,,,
9300605134997,Slow Cooker Beef Casserole,maggi,Culinary & meals,brand (clear),E,4,0,372.84894,9.1,8.8,4.3,12.2,8.8,
0041679922880,Balanced Nutritional Drink - Cafe Mocha,nestle,Coffee & creamers,name/category keywords,,,,101.26582,6.329114,2.5316455,0.42194092,0.24261603,8.438819,
9300605136632,,nestle,Unclassified,none,,,,,,,,,,
0068274264474,Nestlé,nestle,Unclassified,none,,,,,,,,,,
7630054488306,Nespresso,nespresso,Coffee & creamers,brand (clear),,,,,,,,,,
8593893775305,Аериран Тъмен Шоколад,nestle,Chocolate & confectionery,name/category keywords,E,4,1,536.0,41.9,35.3,20.6,0.08,7.3,6.9
3800020492482,KitKat Chunky,nestle,Chocolate & confectionery,name/category keywords,E,,,529.0,43.1,30.2,15.2,0.619,10.7,2.86
8850125076471,Maggi Classic Fish Sauce,maggi,Culinary & meals,brand (clear),,,0,,1.5,1.0,1.0,2.035,2.8,
6111018904151,Lion Caramel & Chocolate,nestle,Chocolate & confectionery,name/category keywords,,,,410.0,25.0,7.7,1.3,0.49,8.2,
9300605142657,Almond mocha,nestle,Coffee & creamers,name/category keywords,,4,4,32.0,2.5,1.1,0.9,,0.4,
0028000553869,Maggi,maggi,Culinary & meals,brand (clear),,,,424.65753,5.479452,13.69863,6.849315,3.0136986,9.589041,
6260418700556,Mushroom barley soup,maggi,Culinary & meals,brand (clear),E,4,1,334.0,8.2,3.2,0.5,8.6,14.5,5.6
9300605127388,Cappuccino original (Gold),nescafe,Coffee & creamers,brand (clear),,,,1.0,6.3,2.1,1.9,,1.9,
0059800490825,,nestle,Unclassified,none,,,,,,,,,,
7613039794432,Cookies & Cream,nescafe,Coffee & creamers,brand (clear),,4,4,440.0,48.0,12.8,11.2,1.3,13.6,0.0
0035549970798,Coffeemate,coffee-mate,Coffee & creamers,brand (clear),,,,233.33333,33.333332,10.0,0.0,,0.0,
4800361001410,Maggi Savor Classic,maggi,Culinary & meals,brand (clear),,,,0.0,33.333332,0.0,0.0,16.666666,33.333332,
7613036712019,pureе,gerber,Infant & young child nutrition,brand (clear),,,,,0.0,,0.0,,,
9300605061835,Aero,nestle,Chocolate & confectionery,name/category keywords,,,,547.3231,58.9,31.5,18.7,0.1525,5.2,
78601499,Tango,nestle,Unclassified,none,,,,520.0,40.0,20.0,12.0,0.5,8.0,
7613036109314,Kid essenials vanilla flavoured,nestle,Unclassified,none,,,,463.6711,24.0,18.363636,4.7272725,0.56363636,13.818182,
0015000466732,Oatmilk smoothie,gerber,Infant & young child nutrition,brand (clear),,,,0.96153843,6.730769,0.48076922,0.0,,1.9230769,
0688267562280,Three Cheese Tortellini,buitoni,Culinary & meals,brand (clear),,,,283.01886,0.9433962,7.5471697,2.3584905,1.0613208,11.320755,
6294003592578,Kitkat mini moments,nestle,Chocolate & confectionery,name/category keywords,,,,532.0,47.4,29.7,13.1,0.15,6.7,
9556001171375,Chicken noodles,maggi,Culinary & meals,brand (clear),,4,9,308.3,1.8,10.2,4.9,3.7875,4.8,
9300605139749,favourites berry variety,nestle,Unclassified,none,,,,382.2857,23.142857,6.857143,1.1428572,64.28571,10.571428,7.142857
9400556014093,Best Ever Beef burger mix,maggi,Culinary & meals,brand (clear),,,,318.67432,13.333333,13.333333,13.333333,17.333334,13.333333,
8934804039220,milo,nestle,Dairy & milk drinks,name/category keywords,,,,159.0,0.0,3.9,1.68,0.0,5.2,
9300605143753,Biscoff,nestle,Unclassified,none,,,,534.1177,47.058823,29.411764,12.941176,0.14705883,6.470588,
9300605142077,Milo,milo,Dairy & milk drinks,brand (clear),,,,382.40918,44.0,9.5,6.5,0.35,12.5,
8858705600009,Milk 0 FAT,nestle,Dairy & milk drinks,name/category keywords,B,1,0,35.7,4.29,0.0,0.0,0.107,3.57,0.0
7630047607103,Nespresso Melozio Pod,nespresso,Coffee & creamers,brand (clear),,,,,,,,,,
0018871164011,,nestle,Unclassified,none,,,,,,,,,,
7613038368238,Milk chocolate,nespresso,Coffee & creamers,brand (clear),,,,562.0,49.8,35.6,21.1,0.4,7.3,
6221007032069,Fitness biscuits,nestle,Chocolate & confectionery,name/category keywords,,,0,,,,,,,
0041679176061,Boost,nestle,Health & clinical nutrition,name/category keywords,,,,,0.0,,0.0,,,
0050000735785,Unlocked Coffee Mate,coffee-mate,Coffee & creamers,brand (clear),,,,233.33333,33.333332,10.0,0.0,,0.0,
0013800705976,Garlic parmesan alfredo with broccoli,nestle,Unclassified,none,,4,2,98.039215,2.3529413,3.5294118,1.5686275,0.8039216,3.9215686,
7630477857321,Nespresso coffee capsules,nespresso,Coffee & creamers,brand (clear),,,,,,,,,,
08920171,Pot au feu  vermicelles,maggi,Culinary & meals,brand (clear),,,,19.0,,0.5,,,0.7,0.5
9556001274762,,maggi,Culinary & meals,brand (clear),,,,,,,,,,
5296512966889,Escalope végétarienne,garden-gourmet,Culinary & meals,brand (clear),,,,226.0,0.9,11.0,1.2,,17.0,5.5
0015000466602,Oat milk smoothie,gerber,Infant & young child nutrition,brand (clear),,,,57.929596,7.723946,0.48274663,0.0,,1.9309865,
7613036923293,Мура Black & Brownie,nestle,Chocolate & confectionery,name/category keywords,E,4,3,516.0,28.6,28.0,13.5,0.44,6.1,4.2
9300605142190,Nescafe  choc orange macha,nescafe,Coffee & creamers,brand (clear),E,4,7,74.0,9.0,2.0,1.8,0.275,1.0,
9556001281142,,milo,Dairy & milk drinks,brand (clear),,,,,,,,,,
0028000497200,Nesquik Hot Fudge Sundae Powder,nesquik,Dairy & milk drinks,name/category keywords,,,,400.0,80.0,0.0,0.0,0.41666666,6.6666665,
0015000080068,Power blend,gerber,Infant & young child nutrition,brand (clear),,,,400.0,6.6666665,6.6666665,0.0,0.25,13.333333,
6001068302109,nescafè classic instant coffee,nescafe,Coffee & creamers,brand (clear),,,0,,,,,,,
9300605142183,Double Shot Latte,nescafe,Coffee & creamers,brand (clear),C,,,57.0,5.1,2.1,2.0,0.225,2.3,
4600680014616,Fitness cereals,nestle,Breakfast cereals,name/category keywords,,,,351.0,,2.6,,,9.7,8.8
0013800728456,Cauli bowls fettuccini with meat sauce,nestle,Culinary & meals,name/category keywords,,4,3,101.960785,2.3529413,3.137255,0.98039216,0.64705884,4.3137255,
0043900931395,Boost,nestle,Health & clinical nutrition,name/category keywords,B,4,2,151.89873,9.282701,5.907173,0.84388185,0.20042194,5.907173,
7613036920308,Kitkat,nestle,Chocolate & confectionery,name/category keywords,,,,,,,,,,
7613287236494,Puré de papas Chef,nestle,Breakfast cereals,name/category keywords,A,4,5,356.0,1.2,0.0,0.0,0.27,8.0,6.8
4600680003566,Куриный  бульон,maggi,Culinary & meals,brand (clear),,,,3.3,,0.054,,,0.026,
0028000193379,Nesquik,nesquik,Dairy & milk drinks,name/category keywords,,,,428.57144,100.0,0.0,0.0,0.26785713,0.0,
9300605096837,Fantales Family Size,nestle,Unclassified,none,,4,2,363.28873,44.4,12.8,11.2,0.4,2.0,
19700687,,thomy,Culinary & meals,brand (clear),,,,,,,,,,
0015000046088,Soothe N Chew,gerber,Infant & young child nutrition,brand (clear),,4,3,333.0,13.3,0.0,0.0,0.333,0.0,
3209442940470,Falafel,garden-gourmet,Culinary & meals,brand (clear),A,,,204.0,2.8,9.5,0.9,1.2,6.7,7.8
53392473,Nido,nestle,Dairy & milk drinks,name/category keywords,,,,,,,,,,
0028000144081,Maggi CHILLI CHOW CUPPA,maggi,Culinary & meals,brand (clear),,2,0,,,,,,,
8606018612925,Chocolate Wow,nestle,Chocolate & confectionery,name/category keywords,,,,245.0,29.0,12.0,5.9,,2.6,0.9
8585002483799,Finom falatok négysajtos tészta,maggi,Culinary & meals,brand (clear),E,4,0,379.0,7.4,5.8,3.1,3.1,13.3,3.4
15010328,Nestlé Cheerios,nestle,Breakfast cereals,name/category keywords,,4,1,,,,,,,
7613036734059,,maggi,Culinary & meals,brand (clear),,,,,,,,,,
0015000492328,Organic Banana Strawberry Beet Oatmeal (Toddler),gerber,Infant & young child nutrition,brand (clear),,1,0,70.70707,10.10101,0.5050505,0.0,0.05050505,1.010101,1.010101
0050000686698,Cinnabon Nutrional Drink,nestle,Beverages,name/category keywords,,,,101.26582,6.329114,1.6877637,0.42194092,0.16877638,4.2194095,
7613037423655,Damak,nestle,Unclassified,none,,,,575.75757,48.484848,36.363636,18.181818,0.15151516,9.090909,
9556001273239,Nestle Omega plus milk,nestle,Dairy & milk drinks,name/category keywords,,,,53.0,11.2,1.8,,,3.2,
6033000085795,Milo all in one nutri mix,milo,Dairy & milk drinks,brand (clear),,,,170.0,18.56,5.6,2.48,0.2266,4.8,
0018871612000,Orchard orange,nestle,Unclassified,none,,,,34.0,2.96,0.0,0.0,0.0,0.0,
7891000099179,Crunch,nestle,Chocolate & confectionery,name/category keywords,,,,389.0,31.0,7.0,2.9,0.4825,6.8,
7501058646873,boost,nestle,Health & clinical nutrition,name/category keywords,,,,,,,,,,
7613287236456,Pure,maggi,Culinary & meals,brand (clear),,4,4,,,,,,,
5900020038692,Cheerios oat,nestle,Breakfast cereals,name/category keywords,,,,381.0,9.0,6.3,1.3,0.7,10.4,10.3
0071921957032,Digiornio crossiant crust,nestle,Unclassified,none,,,,262.0,3.17,11.9,6.35,1.45,11.1,0.794
0072554488740,Drumstick  Chocalete Icecream Cone,nestle,Dairy & milk drinks,name/category keywords,,,,285.7143,23.376623,14.285714,9.090909,0.22727273,3.8961039,
0072554373343,Drumstick,nestle,Unclassified,none,,,,272.72726,23.376623,12.987013,9.090909,0.19480519,2.5974026,
6294003510435,Chocolate powder,nestle,Chocolate & confectionery,name/category keywords,,,,,0.0,,0.0,,,
0015000343866,Freshful Start Organic Veggie Bites,gerber,Infant & young child nutrition,brand (clear),,,,152.77777,4.1666665,4.861111,0.6944444,0.6597222,4.1666665,
8901058847789,Nestle Resource High Protein,nestle,Health & clinical nutrition,name/category keywords,A,4,0,372.0,0.1,2.8,0.0,0.525,45.0,5.0
8901058888805,,nestle,Unclassified,none,,,,,,,,,,
9300605114197,Nescafe blend43 coffe,nescafe,Coffee & creamers,brand (clear),,,,,,,,,,
8850011054712,Moji Brown Sugar,nestle,Unclassified,none,,,,110.0,12.0,2.5,1.0,,1.0,
7778606000764,Galleta Rellena,nestle,Chocolate & confectionery,name/category keywords,E,4,1,560.0,47.9,35.8,17.9,0.295,10.1,
0055000260398,Mini drumstick vanille caramel,nestle,Chocolate & confectionery,name/category keywords,,,,110.0,12.0,4.0,3.0,,2.0,
7613287162397,GRANDE INTENSO,dolce-gusto,Coffee & creamers,brand (clear),,,,,,,,,,
4613444541839,Ricoré noir intense,nestle,Unclassified,none,,,,141.0,7.7,0.1,0.1,,3.0,48.7
0850678006343,La Frutta,nestle,Beverages,name/category keywords,C,,,140.0,21.0,3.5,3.0,0.125,4.0,
0041679853221,Rich Chocolate Mobility Drink,nestle,Chocolate & confectionery,name/category keywords,,,,75.94936,1.6877637,1.6877637,0.42194092,0.21097046,8.438819,
21431685,Grande,dolce-gusto,Coffee & creamers,brand (clear),,,,,,,,,,
8904674019837,,nesquik,Dairy & milk drinks,brand (default),,,,,,,,,,
5900020019837,,nesquik,Dairy & milk drinks,brand (default),,,,,,,,,,
02423777,Kvarg vanille,nestle,Unclassified,none,,,,55.333332,3.1333334,0.2,,,10.0,
9300605136229,Scorched Almonds,nestle,Unclassified,none,,,,530.6,49.9,32.0,15.6,,9.5,
9300605131620,Black Roast,nestle,Unclassified,none,,,,1.0,0.0,0.0,0.0,0.0,0.2,
5900020027122,Cini Minis,nestle,Breakfast cereals,name/category keywords,,,,,,,,,,
4600680015200,nesquik,nestle,Dairy & milk drinks,name/category keywords,,,,,,,,,,
5900020035516,Готовый завтрак,nestle,Unclassified,none,,4,0,181.0,,4.0,1.5,,6.9,2.0
0015000466565,Organic fruit infused water,gerber,Infant & young child nutrition,brand (clear),,,,0.0,0.0,0.0,0.0,0.0,0.0,
7891000340882,leite ninho,nestle,Dairy & milk drinks,name/category keywords,,,,,,,,,,
19381129,leche nido,nestle,Dairy & milk drinks,name/category keywords,,,,,,,,,,
0050000849475,Lactogen,nestle,Infant & young child nutrition,name/category keywords,,,,,,,,,,
0050000801527,Funfetti Cookie Dough with Rainbow Sprinkles,nestle,Chocolate & confectionery,name/category keywords,E,,,424.24243,33.333332,18.181818,7.5757575,0.75757575,3.030303,
8992696400931,Nescafé classic,nestle,Coffee & creamers,name/category keywords,,,,,,,,,,
7613037708240,Tuinkruidenbouillon,maggi,Culinary & meals,brand (clear),B,4,2,3.0,0.1,0.1,0.1,0.4225,0.2,
0028000686475,Nesquik chocolate milk,nesquik,Chocolate & confectionery,name/category keywords,,,,100.0,10.277778,4.1666665,2.5,0.16666667,3.8888888,0.8333333
4620021190915,Мороженое молочное с ароматом ванили и кусочками темного шоколада в печенье и глазури с рисовыми шариками. Страчателла.,nestle,Chocolate & confectionery,name/category keywords,,,,310.0,17.0,14.0,,,4.0,
7613035773776,Optifast Shake Chocolate,nestle,Health & clinical nutrition,name/category keywords,D,,,378.80154,17.924528,8.490566,1.6981132,1.014151,37.735847,
8961008211244,fruits vitals,nestle,Beverages,name/category keywords,,,,,,,,,,
0028000416126,Tomato Ketchup,maggi,Culinary & meals,brand (clear),E,,,156.0,31.2,0.0,0.0,2.19,0.0,0.0
7613287532701,Chocapic,nestle,Breakfast cereals,name/category keywords,,,,385.0,24.9,4.6,1.3,0.22,8.6,8.0
6294003597795,Chicken stock cubes,maggi,Culinary & meals,brand (clear),,,,373.0,10.9,26.0,14.8,,5.1,
9556001217233,Milo 3 in 1,milo,Dairy & milk drinks,brand (clear),,4,0,438.0,42.0,10.3,,0.32,9.5,5.5
0050000943388,Almond Milk Creamer,coffee-mate,Coffee & creamers,brand (clear),,,,200.0,33.333332,6.6666665,3.3333333,0.33333334,0.0,
7630047680564,Vanilla Eclair,nespresso,Coffee & creamers,brand (clear),,,,,,,,,,
0043695439922,Pancake crust stuffed,nestle,Unclassified,none,,,,241.66667,10.0,8.333333,4.1666665,1.4791666,7.5,
08732310,Knacki,herta,Culinary & meals,brand (clear),,,,199.0,1.5,15.0,4.5,,14.0,1.0
5900020038289,Lion breakfast cereal,nestle,Breakfast cereals,name/category keywords,,,,408.0,24.9,14.1,6.9,0.55,17.0,
0719665001436,KLIM,nestle,Unclassified,none,,,,160.0,15.0,7.0,2.5,0.2375,15.0,
0015000044886,Purees,gerber,Infant & young child nutrition,brand (clear),,,,70.70707,7.070707,5.050505,0.5050505,,2.020202,
9300605061828,Milky bar cookies,nestle,Chocolate & confectionery,name/category keywords,,,,540.0,,31.0,,,7.5,
0015000466510,Organic Fruit Infused Water,gerber,Infant & young child nutrition,brand (clear),,,,0.96153843,0.0,0.0,0.0,,0.0,
0059800225281,Nestl scaries mini boxes,nestle,Unclassified,none,,,,475.0,72.5,15.0,8.75,0.125,2.5,
7613287011237,Nesquik banane crush,nestle,Dairy & milk drinks,name/category keywords,D,,,431.0,24.6,14.6,1.6,0.44,6.8,4.7
0850678006985,Helado de chocolate chip,nestle,Chocolate & confectionery,name/category keywords,,,,150.0,5.0,7.0,6.0,0.1875,4.0,
0028000001179,Chocolate milk drink mix,nesquik,Chocolate & confectionery,name/category keywords,,,,60.0,13.0,0.5,0.0,,1.0,
7613038918686,Esparguete com frango,nestle,Unclassified,none,,,,55.0,3.0,1.8,0.3,0.06,2.4,1.4
4891118045337,Blueberry yoghurt,nestle,Dairy & milk drinks,name/category keywords,,,,80.0,11.1,1.6,1.0,,3.4,
9556001291332,Honey Stars,nestle,Breakfast cereals,name/category keywords,C,,,385.0,28.0,2.6,1.0,0.0925,6.1,5.4
7613031557066,,nestle,Unclassified,none,,,,,,,,,,
5941017014879,Azera,nestle,Unclassified,none,,,,,,,,,,
9556001125095,Drumstick,nestle,Unclassified,none,,,,222.0,14.0,12.8,,,2.8,50.0
01533002,Organic Pea (Supported Sitter),gerber,Infant & young child nutrition,brand (clear),,,,,,,,,,
9300605139473,KitKat Dark with Southern Australian Orange,nestle,Chocolate & confectionery,name/category keywords,,,,512.33765,50.51948,26.623377,14.805195,,5.194805,
9300605139879,KitKat Cookie Collision,nestle,Chocolate & confectionery,name/category keywords,E,4,1,531.0,50.2,29.8,16.0,0.222,7.11,0.0
01563100,Natural Apple Prune with Vitamin C,gerber,Infant & young child nutrition,brand (clear),,,,53.097343,10.619469,0.0,0.0,,0.0,
7501058640505,Gerber Colado de manzana,gerber,Infant & young child nutrition,brand (clear),B,,,50.0,8.0,0.0,0.0,0.0375,0.0,0.0
08456241,Ispirazione Firenze arpeggio decaffeinato,nespresso,Coffee & creamers,brand (clear),,,,,,,,,,
9556070129741,maggi,maggi,Culinary & meals,brand (clear),,,,,,,,,,
06140175,Knacki herta,herta,Culinary & meals,brand (clear),,,,267.0,2.0,23.0,9.0,,12.518,1.2
6111018907435,nescafé,nestle,Coffee & creamers,name/category keywords,,,,,,,,,,
9300605136854,Sunshine,nestle,Unclassified,none,,,,64.0,5.04,3.6,2.28,,0.68,
06227685,Cminutren orange,nestle,Unclassified,none,,,,300.0,10.0,,,,4.0,
7630030322952,Nespresso decaffeinato volluto,nespresso,Coffee & creamers,brand (clear),,,,,,,,,,
7630054476266,Arpeggio caffè decaffeinato,nespresso,Coffee & creamers,brand (clear),,,,,,,,,,
9300605133297,Spearmint Leaves,nestle,Unclassified,none,,4,1,,,,,,,
7613287087621,Incoa 70%,nestle,Chocolate & confectionery,name/category keywords,D,3,0,609.0,15.2,51.3,28.9,0.07,9.2,13.4
6043000011335,Nido,nestle,Dairy & milk drinks,name/category keywords,,4,2,490.0,46.0,26.0,13.1,0.8875,18.0,0.0
7630047680724,Nespresso caramel,nespresso,Coffee & creamers,brand (clear),,,,,,,,,,
0013800300188,Creamed Chipped Beef,nestle,Unclassified,none,,,,121.95122,3.2520325,8.130081,1.6260163,1.2195122,7.3170733,
77943446,Bananita Dolca,nestle,Unclassified,none,,,,62.0,,1.4,,,0.5,
9300605133259,Milky bar hot chocolate,nestle,Chocolate & confectionery,name/category keywords,,4,1,362.5,,,,,,
6221007013976,Nescafé Classic,nescafe,Coffee & creamers,brand (clear),,,,1.0,0.0,0.0,0.0,0.0,0.2,
01021020,Lc1 mango,nestle,Unclassified,none,,,,98.0,12.3,2.9,1.7,,4.1,0.2
0514910666176,chili sauce,nestle,Culinary & meals,name/category keywords,,,0,,,,,,,
5900020038753,,nestle,Unclassified,none,,,,,,,,,,
6294003570378,Nescafé 3 in 1 creamy  latte,nescafe,Coffee & creamers,brand (clear),,,,459.0909,52.727276,16.363636,15.0,,5.9090905,11.818181
46852397,KitKat,nestle,Chocolate & confectionery,name/category keywords,,,,514.0,45.1,26.8,15.0,,8.2,2.5
03052990,Dés de jambon,herta,Culinary & meals,brand (clear),,,,104.0,2.0,3.0,1.2,,18.0,0.5
7613036277341,Nestlé Nido FortiGrow,nestle,Dairy & milk drinks,name/category keywords,,,,,,,,,,
7613287223272,Nescafé premium Perú,nescafe,Coffee & creamers,brand (clear),,,,,,,,,,
7460123437313,Sopa de Pollo con Fideos,maggi,Culinary & meals,brand (clear),,,,,,,,,,
11998703,,nestle,Unclassified,none,,,,,,,,,,
0055000200899,After Eight,nestle,Chocolate & confectionery,name/category keywords,,,,233.33333,33.333332,10.0,1.3333334,0.25,0.6666667,0.0
7613036487269,nan optipro 3,nestle,Infant & young child nutrition,name/category keywords,,,,,,,,,,
6225000332980,Nestlé pure life triple berry,nestle,Unclassified,none,,,,0.0,0.0,0.0,0.0,0.0,0.0,
0050000302734,Bite Seized Edible Cookie Dough,nestle,Chocolate & confectionery,name/category keywords,,,,433.0,36.7,16.7,10.0,0.958,3.33,
6111018903437,Nescafé classic,nescafe,Coffee & creamers,brand (clear),,,0,,,,,,,
0043900335889,Chocolate Crazy Kid Essentials,nestle,Chocolate & confectionery,name/category keywords,D,,,152.0,3.8,7.59,1.69,0.19,4.22,0.0
3800020472750,chunky pop corn,nestle,Unclassified,none,,4,4,527.0,45.8,29.5,16.2,0.41,8.4,2.1
0688267562228,Linguine,buitoni,Culinary & meals,brand (clear),,,,282.35294,0.0,1.7647059,0.0,0.5294118,11.764706,
9300605141063,Condensed milk,nestle,Dairy & milk drinks,name/category keywords,,,0,334.8,50.4,8.8,0.8,0.0,1.6,
19209807,,milo,Dairy & milk drinks,brand (clear),,,,,,,,,,
0028000240257,Nesquik Chocolate milk,nestle,Chocolate & confectionery,name/category keywords,,,,250.0,37.0,4.0,2.0,0.575,14.0,1.0
89008294,Munch,nestle,Chocolate & confectionery,name/category keywords,E,,,481.0,40.7,22.2,22.2,0.278,3.7,3.7
8593893775459,Bros,nestle,Unclassified,none,,,,535.0,55.0,31.2,18.6,0.19,6.9,1.9
6917878037066,Condensed milk,nestle,Dairy & milk drinks,name/category keywords,,,,,55.8,8.3,5.5,0.325,7.7,
7861001244236,Crema de Tomate,maggi,Culinary & meals,brand (clear),,,,400.0,20.0,10.0,3.3333333,,6.6666665,
7613034981288,Cerelac,nestle,Infant & young child nutrition,name/category keywords,,,,,0.0,,0.0,,,
8850011058772,Blueberru cheesecake icecream,nestle,Dairy & milk drinks,name/category keywords,,,,180.0,,7.0,3.0,,13.0,
7613035480186,Pyjamapapje vanillesmaak,nestle,Infant & young child nutrition,name/category keywords,,1,0,,0.0,,0.0,,,
0024842409371,Meat sauce,buitoni,Culinary & meals,brand (clear),,,,16.0,3.2,6.4,1.2,0.82,3.2,0.8
6033000087430,MILO,nestle,Dairy & milk drinks,name/category keywords,,,,,,,,,,
6294003520847,Nido fortgrow,nestle,Dairy & milk drinks,name/category keywords,,4,1,540.0,43.3,28.3,18.7,0.7,26.0,0.0
24451888,chocolate syrup Nestle Nesquik,nestle,Chocolate & confectionery,name/category keywords,,,,,,,,,,
7861001235722,Svelty extra calcio  nestle,nestle,Unclassified,none,,,,90.0,,1.0,,,8.0,4.0
0055000139335,Sundae Swirlz,nestle,Unclassified,none,,,,,,,,,,
9300605128408,Kit kat extra crispy santa,nestle,Chocolate & confectionery,name/category keywords,,,,534.4828,52.068966,30.344828,16.551725,,,
7891000344026,Nescau Chocomelo,nescau,Chocolate & confectionery,name/category keywords,,,,,,,,,,
7891000336250,Alpino Gianduia,nestle,Chocolate & confectionery,name/category keywords,,,,,,,,,,
5949065013028,Fulgi de porumb cu multivitamine și fier,nestle,Breakfast cereals,name/category keywords,,4,2,,,,,,,
8901058875744,munch nuts,nestle,Chocolate & confectionery,name/category keywords,,,,,,,,,,
12880881,Premium beef base,nestle,Unclassified,none,,4,2,,,,,,,
0043900284309,Beneprotein,nestle,Health & clinical nutrition,name/category keywords,,,,357.14285,0.0,0.0,0.0,0.53571427,85.71429,
9556001171351,Beef noodles,maggi,Culinary & meals,brand (clear),,,,243.8,1.8,9.7,4.7,3.1125,5.0,1.7
4606272010431,Oatmeal,nestle,Unclassified,none,,,,373.0,23.0,5.9,1.3,,10.0,7.9
7613036639095,Nemléčná obilná BIO kaše vanilková,nestle,Unclassified,none,,,,,,,,,,
8887290087001,,nescafe,Coffee & creamers,brand (clear),,,,,,,,,,
7630039662981,Esperanza de colombia,nespresso,Coffee & creamers,brand (clear),,,,,,,,,,
12779135,quality street,nestle,Chocolate & confectionery,name/category keywords,,4,0,,,,,,,
93684781,Buttermilk,nestle,Dairy & milk drinks,name/category keywords,,,,44.0,4.7,10.0,10.0,0.2,3.9,
9556001218476,Nescafé Tarik Kaw,nescafe,Coffee & creamers,brand (clear),,4,7,,,,,,,
0028000757694,Premium beef base,maggi,Culinary & meals,brand (clear),,,0,31.25,0.0,1.0416666,0.0,3.6979167,2.0833333,
0028000407476,Pumpkin Spice Latte Flavored Morsels and More,nestle,Coffee & creamers,name/category keywords,E,4,5,500.0,62.5,18.75,15.625,0.3125,6.25,0.0
7290106576797,Glace à la vanille Nestlé,nestle,Dairy & milk drinks,name/category keywords,,,,184.0,20.1,9.4,4.9,,3.6,
7613036382199,Torchin,nestle,Unclassified,none,,,,419.0,20.2,0.3,0.0,2.79,6.0,
46021915,nesquik,nestle,Dairy & milk drinks,name/category keywords,,,,,,,,,,
7630311537365,Café VANILLA CUSTARD PIE,nespresso,Coffee & creamers,brand (clear),,,,,,,,,,
9400556003639,Maggi Stock Powder Beef,maggi,Culinary & meals,brand (clear),,4,0,,,,,,,
6294017103401,Chicken broth,maggi,Culinary & meals,brand (clear),,,,0.2,0.0,0.1,0.0,0.8,0.2,0.0
7861001290301,Crema de pollo,maggi,Culinary & meals,brand (clear),C,,,,,,,,,
7861001290356,Sopa de Pollo - Letras,maggi,Culinary & meals,brand (clear),,,,291.66666,8.333333,,,,8.333333,
0028000254629,Nesquik,nesquik,Dairy & milk drinks,name/category keywords,,,,400.0,80.0,0.0,0.0,0.41666666,6.6666665,6.6666665
9300605145382,Dark cocoa from Ecuador and cote D’ivoire,nestle,Dairy & milk drinks,name/category keywords,,,,511.5,45.6,27.7,2.6,,5.2,
6001068672806,Cerelac,nestle,Infant & young child nutrition,name/category keywords,,,,416.0,28.4,10.0,1.2,0.14,15.0,1.6
7702024134916,Saltinas Queso Crema & Cebolla,nestle,Chocolate & confectionery,name/category keywords,E,4,5,458.0,8.33,16.7,6.25,2.71,8.33,0.0
5900452072127,Gerber Jarzynki z cielęcinką dla niemowląt po 5. miesiącu 125 g,gerber,Infant & young child nutrition,brand (clear),,,,,,,,,,
0050000652273,Italian sweet creme,coffee-mate,Coffee & creamers,brand (clear),,,,272.72726,36.363636,13.636364,13.636364,0.0,0.0,
0015000020729,Nature select baby fruit juice,gerber,Infant & young child nutrition,brand (clear),,,,76.27119,15.254237,0.0,0.0,,0.0,
8715000001514,vegetarische boterham worst saucisson,garden-gourmet,Culinary & meals,brand (clear),D,4,8,191.0,3.1,14.0,1.7,2.0,8.9,3.4
0028000632519,Maggi 2 minute noodles,maggi,Culinary & meals,brand (clear),,,,442.85715,5.714286,18.571428,10.0,3.4642856,8.571428,2.857143
01568202,Sweet Potato Banana Orange,gerber,Infant & young child nutrition,brand (clear),,,,70.8,11.5,0.0,0.0,0.0664,0.885,1.77
01568406,Apple Strawberry Banana,gerber,Infant & young child nutrition,brand (clear),,,,60.0,12.0,0.0,0.0,,1.0,1.0
6221007026556,Nescafé gold cappuccino caramel single pack,nescafe,Coffee & creamers,brand (clear),,,,72.0,8.8,1.5,1.3,0.0,1.7,
0050000350506,Golden Grahams Coffee Creamer,coffee-mate,Coffee & creamers,brand (clear),,,,233.33333,33.333332,10.0,0.0,0.25,0.0,
9300605143142,98% Sugar Free Mocha,nescafe,Coffee & creamers,brand (clear),B,,,33.0,1.4,1.2,1.1,0.15,33.0,1.0
0024842982447,Ravioli with cheese and plant based sausage,buitoni,Culinary & meals,brand (clear),,,,259.25925,0.9259259,7.4074073,3.2407408,1.412037,12.037037,2.7777777
7861001234695,Sopa de Pollo con arroz,maggi,Culinary & meals,brand (clear),,,,333.33334,8.333333,,,,8.333333,
7501058643223,Cheerios Apple Cinnamon,nestle,Breakfast cereals,name/category keywords,,,,,,,,,,
0015000044305,"Natural With Vitamin C, Veggie Power Variety Pack",gerber,Infant & young child nutrition,brand (clear),,,,,0.0,,0.0,,,
05001736,,nestle,Unclassified,none,,,,,,,,,,
0015000466503,Gerber Organic Fruit Infused Water,gerber,Infant & young child nutrition,brand (clear),,,,,0.0,,0.0,,,
7613038713885,Nescafé Black Roast Rich and Dark,nescafe,Coffee & creamers,brand (clear),,,,,,,,,,
0015000044947,Natural Sweet Potato Mango Pear Kale With Vitamin C & E,gerber,Infant & young child nutrition,brand (clear),,,,70.70707,9.090909,0.0,0.0,,1.010101,1.010101
7630030323010,Volluto Decaffeinato,nespresso,Coffee & creamers,brand (clear),,,,,,,,,,
0043695509717,Meatball & Monzerella,nestle,Unclassified,none,,,,,,,,,,
15548336,Nido,nestle,Dairy & milk drinks,name/category keywords,,,,,0.0,,0.0,,,
9300605054486,chokito,nestle,Chocolate & confectionery,name/category keywords,E,,,469.0,56.4,18.2,12.5,0.327,5.45,
0043695184938,Hot pockets big and bold,nestle,Culinary & meals,name/category keywords,,,,235.6021,2.617801,8.900523,4.188482,1.5183246,8.900523,0.5235602
6294017100127,nescafe gold,nestle,Coffee & creamers,name/category keywords,,4,3,,,,,,,
4606272032938,Nesquik,nesquik,Dairy & milk drinks,name/category keywords,,,,441.0,11.0,55.0,55.0,2.0,12.0,2.0
4600680005621,rice porridge,nestle,Culinary & meals,name/category keywords,,,,,,,,,,
75013400,Gerber,gerber,Infant & young child nutrition,brand (clear),,,,,,,,,,
7613035265097,Mi Sazón Maggi,maggi,Culinary & meals,brand (clear),,,0,,,,,,,
6151100037909,,nestle,Unclassified,none,,,,,,,,,,
0018871855018,Green Butterfly Sweetened condense milk,nestle,Dairy & milk drinks,name/category keywords,,,,305.0,16.3,3.9,1.6,,0.6,58.2
0074780448123,Caffeine &yerba mate,nestle,Unclassified,none,,,,10.606061,2.121212,0.0,0.0,0.0,0.0,
0015000076351,Sweet Potato Mango Kale (Sitter),gerber,Infant & young child nutrition,brand (clear),,,,70.79646,9.734513,0.0,0.0,,0.88495576,
6151100032379,,nestle,Unclassified,none,,,,,,,,,,
0015000005320,Lil' meals toddler mac & cheese with chicken & vegetables,gerber,Infant & young child nutrition,brand (clear),,,,88.23529,1.1764706,3.5294118,1.7647059,0.4852941,4.117647,1.1764706
0050000104598,Salted Caramel Chocolate Creamer,coffee-mate,Coffee & creamers,brand (clear),E,4,5,500.0,60.0,30.0,30.0,1.0,0.0,
7630311506255,Café noir des bois,nespresso,Coffee & creamers,brand (clear),,,,,,,,,,
9300605130517,French vanilla flavour,coffee-mate,Coffee & creamers,brand (clear),,,,250.0,4.9,13.5,12.8,,1.0,
0050000599103,Natural bliss,coffee-mate,Coffee & creamers,brand (clear),,4,0,233.33333,33.333332,10.0,6.6666665,,0.0,
0015000044824,Purees banana pear zucchini toddler baby food pouches,gerber,Infant & young child nutrition,brand (clear),,,,400.0,80.0,0.0,0.0,,5.0,5.0
19693848,Crunch Cookies & Cream,nestle,Chocolate & confectionery,name/category keywords,,,,,,,,,,
0041679332511,Kid essentials,nestle,Unclassified,none,,,,,0.0,,0.0,,,
0015000466619,Gerber organic oat milk smoothie,gerber,Infant & young child nutrition,brand (clear),,,,,0.0,,0.0,,,
0015000027780,Mealtime for baby Mac and meat sauce,gerber,Infant & young child nutrition,brand (clear),,,0,76.47059,3.5294118,2.3529413,0.5882353,,2.9411764,1.7647059
6294003597016,2 in 1 Nescafé,nescafe,Coffee & creamers,brand (clear),,,,,,,,,,
3023290060896,PRO+ Banana & Caramelo,nestle,Chocolate & confectionery,name/category keywords,,,,,,,,,,
7702024785033,El Rodeo,nestle,Dairy & milk drinks,name/category keywords,,4,1,,,,,,,
9556001263094,Nescafe Latte Caramel,nestle,Coffee & creamers,name/category keywords,,4,0,105.0,12.0,2.2,,,0.3,
02372990,,nestle,Unclassified,none,,4,0,,,,,,,
9300605108233,Sunshine milk powder,nestle,Dairy & milk drinks,name/category keywords,,,,65.72658,4.75,3.65,2.35,,3.35,
7501059276048,Klim,nestle,Unclassified,none,,,,457.0,8.0,19.0,5.0,0.6,15.0,3.0
0072554837715,Drumstick,nestle,Unclassified,none,,,,314.81482,25.925926,16.666666,11.111111,0.3472222,1.8518518,0.0
0015000466817,Fruit infused water,gerber,Infant & young child nutrition,brand (clear),,,,0.96153843,0.0,0.0,0.0,,0.0,0.0
0015000027742,Harvest Turkey Dinner,gerber,Infant & young child nutrition,brand (clear),,,0,76.47059,4.117647,2.3529413,0.5882353,,2.3529413,1.1764706
8585002433312,Gulášová polévka,maggi,Culinary & meals,brand (clear),E,4,3,385.0,4.5,13.0,5.9,8.6,11.0,6.6
7702024067863,Galletas Milo,nestle,Chocolate & confectionery,name/category keywords,E,4,5,480.0,28.0,16.0,6.0,0.65,4.0,0.0
5900020037664,Lion Breakfast Cereal,nestle,Breakfast cereals,name/category keywords,,,,4.0,24.9,14.1,6.9,0.55,7.7,5.8
01563207,Natural Apple Zucchini,gerber,Infant & young child nutrition,brand (clear),,,,,0.0,,0.0,,,
0015000074944,organic apple raspberry acai.berry,gerber,Infant & young child nutrition,brand (clear),,,0,,,,,,,
7613037038057,Cappuccino,nestle,Coffee & creamers,name/category keywords,,4,2,385.0,51.3,8.1,6.9,1.19,8.8,4.2
0028000862466,Peppermint hot cocoa,nestle,Dairy & milk drinks,name/category keywords,,4,3,562.5,62.5,28.125,21.875,0.0,6.25,0.0
8901058893229,Maggi Sauce,maggi,Culinary & meals,brand (clear),,,,166.66667,16.666666,0.0,0.0,3.3333333,0.0,0.0
8901058900187,Nestle,maggi,Culinary & meals,brand (clear),,,,,,,,,,
4710498231188,Nescafé Instant Coffee,nescafe,Coffee & creamers,brand (clear),,,0,,,,,,,
9300605113282,creamy and  frothy cappuccino skim,nescafe,Coffee & creamers,brand (clear),,,,29.0,3.6,1.0,1.0,0.13,1.6,
9300605138681,Milo,milo,Dairy & milk drinks,brand (clear),,,,,,,,,,
0050000119615,Rich Milk Chocolate,nestle,Chocolate & confectionery,name/category keywords,,,,400.0,60.0,15.0,10.0,2.25,5.0,5.0
0043900932392,Boost balanced nutritional drink,nestle,Health & clinical nutrition,name/category keywords,E,,,151.89873,10.126582,5.907173,0.84388185,0.20042194,5.907173,0.42194092
9300605116337,Jaffas,nestle,Chocolate & confectionery,name/category keywords,E,,,460.7143,68.57143,16.428572,15.0,0.14285715,2.142857,
0041508600811,Acqua Panna Tuscany,nestle,Beverages,name/category keywords,,1,,,,,,,,
6221007026570,Nescafé Gold Cappuccino caramel,nescafe,Coffee & creamers,brand (clear),,,,72.0,8.8,1.5,1.3,0.1555,1.7,
0015000049447,Teethers,gerber,Infant & young child nutrition,brand (clear),,,,375.0,12.5,0.0,0.0,0.15625,0.0,0.0
0015000442644,Mealtime harvest bowl,gerber,Infant & young child nutrition,brand (clear),,,0,70.3125,1.5625,2.734375,0.0,0.29296875,1.5625,0.78125
6009188003357,Ricoffy mmm-ccino,nescafe,Coffee & creamers,brand (clear),,,,189.56522,,,,,,
6033000086358,cerelac,nestle,Infant & young child nutrition,name/category keywords,,,,,0.0,,0.0,,,
0050000540617,M&m Creamer,coffee-mate,Coffee & creamers,brand (clear),E,,,272.72726,36.363636,13.636364,13.636364,0.0,0.0,
0024842774417,Impossible Beef Ravioli,buitoni,Culinary & meals,brand (clear),,,,250.0,0.9259259,6.4814816,3.7037036,1.9675926,12.037037,2.7777777
7613032731625,Sugo al pomodoro (coulis),buitoni,Culinary & meals,brand (clear),,,,61.0,5.7,2.8,0.4,,1.4,
7630054494680,Nespresso vienna lungo,nespresso,Coffee & creamers,brand (clear),,,,,,,,,,
0015000044923,Natural Broccoli Carrot Banana Pineapple With Vitamin C (Sitter),gerber,Infant & young child nutrition,brand (clear),,,,60.60606,9.090909,0.0,0.0,,1.010101,1.010101
7613287591197,Leche Condensada,nestle,Dairy & milk drinks,name/category keywords,E,4,0,300.0,60.0,4.0,2.5,0.287,8.0,0.0
7630311501502,Melozio,nespresso,Coffee & creamers,brand (clear),,,,,,,,,,
3033710055647,NIDO,nestle,Dairy & milk drinks,name/category keywords,,,,503.0,36.5,28.2,17.6,0.93,25.7,0.0
8585002418944,maggi,maggi,Culinary & meals,brand (clear),,,,,,,,,,
0850678006534,ICECREAM,nestle,Dairy & milk drinks,name/category keywords,C,,,155.55556,17.777779,5.0,3.3333333,0.15277778,3.3333333,0.0
8593893774292,Studentská naruby mléčná,nestle,Chocolate & confectionery,name/category keywords,,4,3,,,,,,,
6294003575311,Nido,nestle,Dairy & milk drinks,name/category keywords,,,,,0.0,,0.0,,,
0688267562303,Four cherse ravioli,buitoni,Culinary & meals,brand (clear),,,,301.07526,3.2258065,9.67742,4.83871,1.1827956,11.827957,2.1505377
9300605146563,Kit Kat Milk Choc Chunk Cookie,nestle,Chocolate & confectionery,name/category keywords,E,,,525.8,50.7,28.8,16.1,0.2425,7.2,
6221007026549,Nescafé Gold Mocha,nescafe,Coffee & creamers,brand (clear),,,,76.0,9.8,1.5,1.4,0.11875,1.6,0.0
01564400,Natural Pear Zucchini with Vitamin C,gerber,Infant & young child nutrition,brand (clear),,,,44.247787,7.079646,0.0,0.0,,0.88495576,0.88495576
9300605062566,Aero,nestle,Chocolate & confectionery,name/category keywords,,,,25.717016,10.8,31.0,10.8,0.175,8.1,
0015000044640,Organic Apple Kale Fig (Sitter),gerber,Infant & young child nutrition,brand (clear),,,,,,,,,,
01529902,Pear purple carrot raspberry,gerber,Infant & young child nutrition,brand (clear),,,,53.097343,9.734513,0.0,0.0,,0.0,1.7699115
8593788774789,aero dark& milk peppermint,nestle,Chocolate & confectionery,name/category keywords,,4,2,,,,,,,
6221007030720,ماجي بواكت,maggi,Culinary & meals,brand (clear),,,,,,,,,,
8585002437488,Chutná Pauza Hrášková,maggi,Culinary & meals,brand (clear),E,,0,355.0,14.0,5.8,0.6,7.9,12.0,6.7
0028000696719,Masala Spicy Chilli Sauce,maggi,Culinary & meals,brand (clear),E,,,156.25,28.125,0.0,0.0,2.578125,0.0,
0043695442250,Buffalo style chicken hot pockets,nestle,Culinary & meals,name/category keywords,,,,225.13089,2.094241,8.376964,3.1413612,1.3612566,8.900523,1.5706806
7613287235879,Гъбена супа,maggi,Culinary & meals,brand (clear),E,4,0,361.0,7.9,10.1,1.0,10.7,11.1,3.0
7613032193454,8 Cereale cu miere,nestle,Breakfast cereals,name/category keywords,,,,,0.0,,0.0,,,
0050000935604,Gerber soothe baby probiotic colic,nestle,Infant & young child nutrition,name/category keywords,,3,0,,,,,,,
9556001268532,Milo Protein Up,nestle,Dairy & milk drinks,name/category keywords,,,,65.333336,6.488889,0.8888889,,,5.822222,
7613036727419,Gerber Organic Pear Apple Banana,gerber,Infant & young child nutrition,brand (clear),,,,59.0,13.0,0.1,0.0,,0.6,2.0
8585002476845,Maggi,maggi,Culinary & meals,brand (clear),,,0,443.0,2.0,34.0,10.6,0.3,23.6,1.7
0015000807900,Plant tastic harvest bowl,gerber,Infant & young child nutrition,brand (clear),,,,93.75,2.34375,3.90625,0.390625,0.37109375,1.5625,0.78125
7613036920339,KitKat,nestle,Chocolate & confectionery,name/category keywords,,,,498.0,48.0,24.3,13.3,0.225,7.1,2.4
0050000472635,gerber,gerber,Infant & young child nutrition,brand (clear),,,,,,,,,,
6181002012650,Nescafé,nescafe,Coffee & creamers,brand (clear),,,,75.0,2.5,0.4,0.0,0.2,8.0,14.0
4800361363389,Honey & Almond Fitnesse,nestle,Unclassified,none,,,,393.33334,15.0,6.0,1.0,0.9,10.666667,9.0
7630477895972,double espresso dolce,nespresso,Coffee & creamers,brand (clear),,,,,,,,,,
7613036638814,preparat instant fidea,maggi,Culinary & meals,brand (clear),,4,1,275.0,,10.6,0.8,3.3,6.4,1.8
6294003595890,Broccoli & Cheddar Rice Kit,maggi,Culinary & meals,brand (clear),,,,341.0,5.7,3.6,1.3,0.925,11.0,7.2
7702024044161,Nesquik Fresa x 200 gr,nestle,Dairy & milk drinks,name/category keywords,E,4,4,385.0,84.6,0.0,0.0,0.192,0.0,0.0
0043695511987,Hot Pocket Big and Bold Double Pepperoni Pizza,nestle,Culinary & meals,name/category keywords,D,,,267.0,3.14,12.6,5.76,1.64,8.38,1.05
0015000044275,"Natural With Vitamin C, Veggie Power Variety Pack",gerber,Infant & young child nutrition,brand (clear),,,,40.40404,6.060606,0.0,0.0,0.12626262,1.010101,1.010101
0015000027704,Natural For Baby Pear Peach Oatmeal,gerber,Infant & young child nutrition,brand (clear),,,,,0.0,,0.0,,,
0688267562259,Fettuccine,buitoni,Culinary & meals,brand (clear),A,,,277.10843,0.0,1.8072289,0.0,0.5421687,10.843373,3.6144578
0043900754420,Complete pediatric,nestle,Unclassified,none,,,,12.0,5.6666665,5.3333335,0.6666667,0.23333333,4.3333335,1.6666666
0015000027421,Mealtime For Baby Veggie Power Pasta Primavera,gerber,Infant & young child nutrition,brand (clear),,,,64.70588,2.9411764,0.5882353,0.0,,1.7647059,1.7647059
7630047685255,Bianco Forte,nespresso,Coffee & creamers,brand (clear),,,,,,,,,,
7613034913210,Triangulo,nestle,Unclassified,none,,,,545.0,55.0,31.0,14.9,0.0,0.0,0.0
0024842644697,Beef Ravioli,buitoni,Culinary & meals,brand (clear),,,,279.5699,2.1505377,8.602151,2.688172,1.0752689,13.978495,2.1505377
0041679639641,Boost Max Women,nestle,Health & clinical nutrition,name/category keywords,,,,49.23077,0.30769232,0.9230769,0.30769232,0.23846154,9.230769,0.0
75887421,,nestle,Unclassified,none,,,,,,,,,,
7613037252156,Chunky white chocolate,nestle,Chocolate & confectionery,name/category keywords,E,,,526.0,47.7,28.1,16.2,0.27,8.2,0.9
0024842919528,Impossible Brand Italian Sausage,buitoni,Culinary & meals,brand (clear),D,,,259.25925,0.9259259,7.4074073,3.2407408,1.412037,12.037037,2.7777777
9789332585737,C++ How to Program,nestle,Culinary & meals,name/category keywords,,,,,,,,,,
9300605129405,Milo,milo,Dairy & milk drinks,brand (clear),,,,358.5086,31.5,9.5,6.0,0.3375,12.0,15.5
8690632242965,Chocolate,nestle,Chocolate & confectionery,name/category keywords,,,,,,,,,,
0850678006961,Vanilla icecream,nestle,Dairy & milk drinks,name/category keywords,C,,,141.0,4.0,4.5,3.0,0.2125,4.0,3.0
0850678006824,Vanilla icecream,nestle,Dairy & milk drinks,name/category keywords,C,,,130.0,4.0,4.5,3.0,0.2125,4.0,0.0
7613287598592,Nesquik,nesquik,Breakfast cereals,name/category keywords,,,,371.0,30.0,3.3,1.0,,5.5,6.3
39018496,Hazelnut,coffee-mate,Coffee & creamers,brand (clear),,,,500.0,60.0,30.0,20.0,0.0,0.0,
7630311511150,Forest Black,nespresso,Coffee & creamers,brand (clear),,,,,,,,,,
3961696121707,,milo,Dairy & milk drinks,brand (clear),,,,,,,,,,
7613035919433,"Instant prah za pripremu napitka od topive kave s dodatkom pržene mljevene kave, okusa lješnjaka.",nestle,Unclassified,none,,4,1,,,,,,,
0015000046187,Soothe’n’chew teething sticks imp,gerber,Infant & young child nutrition,brand (clear),,4,4,333.0,13.3,0.0,,0.333,0.0,
01529300,Gerber,gerber,Infant & young child nutrition,brand (clear),,,,,0.0,,0.0,,,
8901058868036,KitKat,nestle,Chocolate & confectionery,name/category keywords,,4,1,518.0,48.7,25.7,23.0,,8.0,2.6
8901058895322,Nescafe Sunrise,nescafe,Coffee & creamers,brand (clear),,,0,,,,,,,
93625333,Nescafe Gold,nescafe,Coffee & creamers,brand (clear),,,,,,,,,,
0028000510541,Sopa Sabor a Pollo con Fideos,maggi,Culinary & meals,brand (clear),,,,333.33334,0.0,3.3333333,0.0,14.333333,6.6666665,0.0
7630311540396,Pumpkin spice cake coffe,nespresso,Coffee & creamers,brand (clear),,,,,,,,,,
7630054480577,Nespresso,nespresso,Coffee & creamers,brand (clear),,,,,,,,,,
01503104,Macaroni and Cheese,gerber,Infant & young child nutrition,brand (clear),C,,,106.666664,2.0,4.0,2.3333333,0.5,4.0,1.3333334
9556001278531,Fusian Sarang Kimchi,maggi,Culinary & meals,brand (clear),,,,413.0435,,16.782608,,,9.391305,
9300605138094,Milo,nestle,Breakfast cereals,name/category keywords,,,,,,,,,,
6091307731753,Poule Vermicelles,maggi,Culinary & meals,brand (clear),,,,340.0,7.6,4.7,2.0,0.7,11.3,2.7
9300605134928,Creamy chicken curry,maggi,Culinary & meals,brand (clear),,,,354.0,36.7,4.5,1.0,5.625,3.6,7.5
13203495,KitKat MiniOtonanoAmasa(DarkChoco),nestle,Chocolate & confectionery,name/category keywords,,,,,,,,,,
0015000045876,Wonder foods puffed multigrain snack,gerber,Infant & young child nutrition,brand (clear),,,,500.0,14.285714,28.571428,0.0,0.17857143,14.285714,0.0
7613287431400,Nesquick Cocoacrush,nestle,Unclassified,none,,,,423.0,24.0,14.3,2.0,0.575,7.4,
6221007033868,Fitness toasties,nestle,Unclassified,none,D,,1,413.0,4.3,11.2,1.1,2.5,9.2,5.4
7613287184979,Americano,nescafe,Coffee & creamers,brand (clear),,,,,,,,,,
7630047680045,Nespresso flat white over ice,nespresso,Coffee & creamers,brand (clear),,,,,,,,,,
4800361412445,NANGROW,nestle,Beverages,name/category keywords,,2,,,,,,,,
0013800234025,Life cuisine immune support acai bowl,nestle,Culinary & meals,name/category keywords,,4,2,101.76991,7.079646,1.3274336,0.22123894,0.121681415,5.3097343,2.2123895
7613033451409,Caldo Casero,maggi,Culinary & meals,brand (clear),,,,100.0,0.0,0.0,0.0,8.0,0.0,
0617121413727,Dalmatinska supa,maggi,Culinary & meals,brand (clear),,,,305.0,6.9,1.9,1.3,15.2,9.9,3.3
0015000937799,"Organic Value Pack: Pear Peach Strawberry, Carrot Apple Mango & Apple Blueberry Spinach (Sitter)",gerber,Infant & young child nutrition,brand (clear),,,,50.50505,10.10101,0.0,0.0,,1.010101,1.010101
0015000080136,Powerblend probiotic oatmeal chickpea banana & chis cereal,gerber,Infant & young child nutrition,brand (clear),,,,400.0,6.6666665,6.6666665,0.0,0.16666667,13.333333,6.6666665
7630047607790,Odacio,nespresso,Coffee & creamers,brand (clear),,,,,,,,,,
9300605142992,Bold & Fragrant,maggi,Culinary & meals,brand (clear),,,,215.1,33.8,5.1,1.0,2.3625,1.0,1.0
6294003580155,Klim,nestle,Unclassified,none,,,,,0.0,,0.0,,,
01811452,Kvarg saveur framboise,nestle,Unclassified,none,,,,55.333332,3.1333332,0.2,,,10.0,
7613037652208,,maggi,Culinary & meals,brand (clear),,,,,,,,,,
0050000488971,Coffee Mate Drumstick Vanilla Sundae Cone,coffee-mate,Coffee & creamers,brand (clear),,,,233.33333,33.333332,10.0,0.0,0.25,0.0,
4891118025018,Sakura Chocolate Flavour Coffee Beverage,nescafe,Coffee & creamers,brand (clear),C,4,6,,7.01,2.2,1.23,0.171,1.98,
4600680016795,Nestle,nestle,Unclassified,none,,,,,,,,,,
0072554146435,Drumstick,nestle,Unclassified,none,,,,307.69232,27.472527,14.285714,10.989011,0.28846154,2.1978023,1.0989012
0043900941394,Very Vanilla High Protein Drink,nestle,Beverages,name/category keywords,,,,101.0,6.33,2.53,0.422,0.232,8.44,0.0
6294003590031,Cream of chicken soup,maggi,Culinary & meals,brand (clear),,,,344.0,7.6,4.0,1.2,,12.3,2.3
01529601,Apple strawberry beet gerber,gerber,Infant & young child nutrition,brand (clear),,,,44.247787,8.849558,0.0,0.0,,0.88495576,0.88495576
10501524,Kvarg,nestle,Unclassified,none,,,,57.333332,3.2,0.2,,,10.133333,
0059800749077,Kit Kat,nestle,Chocolate & confectionery,name/category keywords,,,,526.3158,52.63158,31.578947,18.421053,,7.894737,2.631579
6001068507900,Pure life mineral water,nestle,Beverages,name/category keywords,A,,0,0.0,0.0,0.0,0.0,0.0155,0.0,0.0
0646439747422,Cappuccino choco,nescafe,Coffee & creamers,brand (clear),,,,74.0,8.8,1.9,1.5,,1.9,1.1
0643435336131,Le bon paris,herta,Culinary & meals,brand (clear),,,,104.7619,0.47619048,2.6190476,0.95238096,,20.238094,
7613036382175,Кетчуп лагідний,nestle,Culinary & meals,name/category keywords,D,3,0,96.0,20.0,0.2,0.0,2.5,1.4,0.6
8961008213880,Fruita Vitals,nestle,Unclassified,none,,,,,,,,,,
7613034158901,Lion Bar Peanut 40G,nestle,Unclassified,none,,,,505.0,45.3,25.5,11.2,0.65,7.9,1.0
8901058872880,Masala vag atta noodles,nestle,Culinary & meals,name/category keywords,,,,,,,,,,
01525906,Banana apple strawberry,gerber,Infant & young child nutrition,brand (clear),,,,,0.0,,0.0,,,
0643435989443,Le bon paris au torchon,herta,Culinary & meals,brand (clear),,,,105.71429,,2.5714285,,,20.0,0.5714286
6260418701133,Nescafe,nescafe,Coffee & creamers,brand (clear),,,,440.0,10.0,22.0,,,4.0,10.0
19982786,nose,nestle,Beverages,name/category keywords,,,,,,,,,,
0015000045562,Puffs cereal snack,gerber,Infant & young child nutrition,brand (clear),,,,357.14285,14.285714,0.0,0.0,0.0,14.285714,
5900130036175,Nuii milk chocolate and vanilla,nestle,Chocolate & confectionery,name/category keywords,,4,0,,,,,,,
0015000070069,Gerber dha probiotic oatmeal baby cereal,gerber,Infant & young child nutrition,brand (clear),,,,400.0,6.6666665,6.6666665,0.0,0.25,10.0,6.6666665
04075636,Teethers strawberry apple spinach,gerber,Infant & young child nutrition,brand (clear),,,,375.0,12.5,0.0,0.0,0.15625,0.0,0.0
7630054475627,Nespresso,nespresso,Coffee & creamers,brand (clear),,,,,,,,,,
0044390038083,Yaourt à la Grecque,nestle,Unclassified,none,,,,120.0,12.0,6.4,4.2,,2.3,0.3
7613287208453,Nesquik,nesquik,Dairy & milk drinks,name/category keywords,,,,376.0,75.0,3.0,1.5,,5.0,6.5
0065000337525,Nestle Carnation Chocolat Chaud,nestle,Chocolate & confectionery,name/category keywords,,,,45.0,8.0,0.2,0.1,,2.0,1.0
0545096643439,Noodle Snack Curry,maggi,Culinary & meals,brand (clear),,,,76.0,0.3,2.9,0.2,,1.7,0.6
0055000203609,Nescafé Original glacé,nescafe,Coffee & creamers,brand (clear),,,,375.0,75.0,3.125,2.5,0.546875,12.5,0.0
7613287431608,Veganské nugetky,garden-gourmet,Culinary & meals,brand (clear),B,4,2,216.0,1.0,10.0,1.1,1.1,14.0,5.0
7630311508327,Ice Forte,nespresso,Coffee & creamers,brand (clear),,,,,,,,,,
0025860041871,Kvarg framboise,nestle,Unclassified,none,,,,57.0,3.2,0.3,,,10.1,
0015000910167,Natural Apple Sweet Potato Cinnamon With Vitamin C (Toddler),gerber,Infant & young child nutrition,brand (clear),,,,50.50505,10.10101,0.0,0.0,,0.0,1.010101
8961008218564,Lactogen 1,nestle,Infant & young child nutrition,name/category keywords,,,,,0.0,,0.0,,,
0015000227357,Organic Banana Strawberry Beet Oatmeal (Toddler),gerber,Infant & young child nutrition,brand (clear),,,,66.666664,10.0,0.5555556,0.0,,1.1111112,1.1111112
0015000028022,Mealtime for baby,gerber,Infant & young child nutrition,brand (clear),,,,82.35294,2.3529413,2.9411764,1.1764706,0.2647059,2.9411764,1.7647059
11915768,Coffee Mate Chocolate Creme,nestle,Coffee & creamers,name/category keywords,,4,1,15.0,,0.5,,,,
7501058629142,Cappuccino Vanilla,nescafe,Coffee & creamers,brand (clear),,,,,,,,,,
7630054493959,Tokyo vivalto lungo,nespresso,Coffee & creamers,brand (clear),,,,,,,,,,
0643435336100,Jambon le bon paris à l’étouffée,herta,Culinary & meals,brand (clear),,,,105.0,0.5,2.5,1.0,,20.0,0.5
7630311501625,Nespresso,nespresso,Coffee & creamers,brand (clear),,,,,,,,,,
0643430303657,Café au lait,dolce-gusto,Coffee & creamers,brand (clear),,,,22.222221,1.6111112,1.1111112,0.7222222,,1.1666666,0.44444445
6093290041901,Lindahls kvarg,nestle,Unclassified,none,,,,57.0,3.2,0.2,,,10.1,
0015000936686,Gerber lil crunchies,gerber,Infant & young child nutrition,brand (clear),,,,,,,,,,
8000300405088,,nestle,Unclassified,none,,,,,,,,,,
4800361418874,Cafe Creation Mocha Latte,nescafe,Coffee & creamers,brand (clear),,4,4,455.0,41.8,15.5,13.6,0.78,5.45,3.64
6093290041871,LINDAHLS KVARG SAVEUR FRAMBOISE,nestle,Unclassified,none,,,,57.0,3.2,0.5,,,10.1,
11819851,Buitoni,buitoni,Culinary & meals,brand (clear),,,,283.01886,0.9433962,7.5471697,2.8301888,1.0613208,11.320755,2.8301888
6294017104422,kitkat,nestle,Chocolate & confectionery,name/category keywords,,4,2,100.0,46.0,25.0,13.8,6.0,7.9,3.1
7613287061416,Resource ultrafruit,nestle,Health & clinical nutrition,name/category keywords,,,,,,,,,,
0015000228491,Organic Banana Mango (Sitter),gerber,Infant & young child nutrition,brand (clear),,,,88.888885,16.666666,0.0,0.0,,1.1111112,1.1111112
8593893756472,Lentilky,nestle,Unclassified,none,,,,,,,,,,
0015000186951,My 1st Solids Starter Kit - Baby Food Puree & Cereal,gerber,Infant & young child nutrition,brand (clear),,,,7.0588236,0.5882353,0.5882353,0.0,,1.1764706,0.5882353
0024290041901,Lindahls Kvarg,nestle,Unclassified,none,,,,86.0,3.2,0.3,,,10.1,
0028000938796,Taster's Choice French Roast,nescafe,Coffee & creamers,brand (clear),,,,,,,,,,
0050000763818,Ready to bake brownies,nestle,Chocolate & confectionery,name/category keywords,,,,452.38095,38.095238,23.809525,10.714286,0.47619048,4.7619047,2.3809524
0015000045692,Organic Puffs Value Pack Organic Fig Berry And Organic Cranberry Orange,gerber,Infant & young child nutrition,brand (clear),,,,357.14285,14.285714,0.0,0.0,0.0,0.0,
7630311502349,Nespresso coffee pods,nespresso,Coffee & creamers,brand (clear),,,,,,,,,,
4960008500314,Nescafé  regular,nescafe,Coffee & creamers,brand (clear),,,,103.0,15.8,2.3,1.5,,2.5,
0015000807924,HarvestBowl Mediterranean Style,gerber,Infant & young child nutrition,brand (clear),,,,90.625,3.125,2.734375,0.390625,0.33203125,2.34375,1.5625
5941017017849,nescafe brasero crema,nescafe,Coffee & creamers,brand (clear),,,0,,,,,,,
0059800749688,Buncha Crunch,nestle,Chocolate & confectionery,name/category keywords,,,,500.0,45.0,27.5,15.0,0.375,5.0,2.5
7613287745156,Vegan Balls,garden-gourmet,Culinary & meals,brand (clear),A,,,175.0,1.0,5.0,0.6,1.4,20.0,5.0
0064955486012,Yaos Le yaourt à la grecque Stracciatella,nestle,Unclassified,none,,,,148.0,14.639999,8.16,5.3599997,,2.56,
8901058891409,2 Minute Noodles,maggi,Culinary & meals,brand (clear),,,,,,,,,,
7613036314398,decaf,nescafe,Coffee & creamers,brand (clear),,1,0,,,,,,,
0613434514274,Cacao en poudre,nestle,Dairy & milk drinks,name/category keywords,,,,387.0,0.4,21.0,13.0,,18.1,28.0
86768375,,nestle,Unclassified,none,,,,,,,,,,
4800361417204,Nescafe Café Creations Caramel Latte,nescafe,Coffee & creamers,brand (clear),E,4,7,458.0,40.9,16.1,13.6,0.824,4.55,1.21
8992696400924,Nescafe classic,nescafe,Coffee & creamers,brand (clear),,,,250.0,,,,,,
8961008215655,Nesfruita mango fruit drink,nestle,Beverages,name/category keywords,,,,58.0,14.5,0.0,0.0,,0.0,0.0
4773443021265,Nuggets soja & blé,garden-gourmet,Culinary & meals,brand (clear),,,,215.0,0.7,10.2,0.7,,13.1,5.7
7613036342438,Würze,maggi,Culinary & meals,brand (clear),,,,104.0,5.0,0.0,,24.9,18.0,
8901058890020,Pazzta Masala Penne,maggi,Culinary & meals,brand (clear),D,4,2,314.0,3.6,1.7,1.3,2.00775,10.3,3.6
4792024001069,Coconut Milk Powder,maggi,Culinary & meals,brand (clear),,,,704.0,6.0,63.4,55.3,,8.0,0.7
0015000044367,"Natural With Vitamin C, Veggie Power Variety Pack",gerber,Infant & young child nutrition,brand (clear),,,,60.60606,7.070707,0.5050505,0.0,,0.0,2.020202
9556001126597,Maggi kari letup,maggi,Culinary & meals,brand (clear),,,,457.0,,18.9,,,10.3,
6130137000872,Nesquik,nestle,Dairy & milk drinks,name/category keywords,,,,,,,,0.3,,
0025528063474,Protéin pudding crème dessert vanille,nestle,Unclassified,none,,,,72.0,4.6,0.2,0.13333334,,10.466666,0.06666667
8850011061161,นมถั่วเหลืองยูเอชที รสโกโก้มอลต์,milo,Dairy & milk drinks,brand (clear),B,,0,61.1,5.0,1.39,0.0,0.0625,2.78,0.0
6917878068961,nescafe sakura choco latte,nescafe,Coffee & creamers,brand (clear),,,,,,,,,,
0044524609714,Coconut caffe latte,dolce-gusto,Coffee & creamers,brand (clear),,,,25.0,0.4,1.0,0.8,,0.03,0.3
8901058898613,Maggi,maggi,Culinary & meals,brand (clear),,,,272.0,1.8,9.5,5.7,1.7995,5.7,2.0
0024842294397,spaghetti,buitoni,Culinary & meals,brand (clear),A,,,275.0,0.0,1.875,0.0,0.53125,11.25,3.75
5204739611116,Nirvana Chocolate Choco Chips,nestle,Chocolate & confectionery,name/category keywords,,,,250.0,28.0,12.0,8.3,,4.6,1.7
8606018614004,over MAGNUM Choco,nestle,Unclassified,none,,4,2,271.0,,,,,,
0025990058527,Lindahl’s Protein pudding caramel,nestle,Chocolate & confectionery,name/category keywords,,,,71.0,4.9,0.2,0.1,,10.0,
0017900009132,Vanilla Frozen Dairy Dessert Sandwich,nestle,Dairy & milk drinks,name/category keywords,D,,,258.0645,24.193548,4.83871,3.2258065,0.6048387,3.2258065,1.6129032
13567644,Grain & Grow Puffs (Strawberry Apple),gerber,Infant & young child nutrition,brand (clear),,,,357.14285,14.285714,0.0,0.0,0.0,0.0,
7613287248893,Nesquick,nesquik,Dairy & milk drinks,brand (default),,,,380.0,22.4,2.8,0.6,0.22,8.5,8.6
0005990000832,Yaos,nestle,Unclassified,none,,,,124.0,12.7,6.8,4.5,,2.4,0.1
7506475110549,Nestlé NIDO kinder 1+,nestle,Infant & young child nutrition,name/category keywords,,,0,,,,,,,
9399763643939,Nesquik,nestle,Dairy & milk drinks,name/category keywords,,,,386.0,75.1,3.6,1.6,,5.1,7.7
05772010,,nestle,Unclassified,none,,,,,,,,,,
9300605116498,Chewy,nestle,Unclassified,none,,,,117.1,4.0,2.8,0.6,,2.2,7.1
92000150000274200069,Gerber Mealtime for Baby Pasta Primavera,gerber,Infant & young child nutrition,brand (clear),,,,64.70588,2.9411764,0.5882353,0.0,,1.7647059,1.7647059
9300605145153,Nes Chokito 170g,nestle,Chocolate & confectionery,name/category keywords,E,4,2,506.7,55.1,25.7,14.9,0.2175,6.4,
6181002002026,Nescafé Classic,nescafe,Coffee & creamers,brand (clear),,,,313.0,0.0,0.4,0.0,0.275,8.0,14.0
01565001,Apple Spinnach & Kale,gerber,Infant & young child nutrition,brand (clear),,,,52.910053,8.818342,0.0,0.0,,0.8818342,1.7636684
9300605128088,Cappuccino,nescafe,Coffee & creamers,brand (clear),,,,40.0,2.3,1.3,1.2,0.1275,1.0,
6294017105535,Graden vegetables soup,maggi,Culinary & meals,brand (clear),,,,300.0,15.5,3.0,1.1,,9.7,8.9
7613035909748,Mustard mild,thomy,Culinary & meals,brand (clear),E,,,109.9,1.8,6.7,1.4,3.6025,6.2,
8445290095770,Groeidrink,nestle,Infant & young child nutrition,name/category keywords,,,,56.0,1.0,2.3,0.19,,1.0,0.5
7613287290380,Nescafé Tradición,nescafe,Coffee & creamers,brand (clear),,1,0,261.0,0.5,0.2,,0.225,16.4,0.0
7790430060349,bananita dolca,nestle,Unclassified,none,,,,,,,,,,
7630311538331,Intenso,nespresso,Coffee & creamers,brand (clear),,,,,,,,,,
6221007030577,Cappuccino sweetened,nescafe,Coffee & creamers,brand (clear),,,,411.0,53.0,9.19,7.57,0.00162,9.19,2.7
6300059042513,smarties,nestle,Chocolate & confectionery,name/category keywords,,,,,,,,,,
7630311501861,Nespresso,nespresso,Coffee & creamers,brand (clear),,,,,,,,,,
7630311500642,Solelio,nespresso,Coffee & creamers,brand (clear),,,,,,,,,,
9556001264572,,milo,Dairy & milk drinks,brand (clear),,,,,,,,,,
9300605245198,sherbies,nestle,Unclassified,none,,4,1,,,,,,,
0015000044145,Organic plant-tastic sweet potato cherry smash with oats,gerber,Infant & young child nutrition,brand (clear),,,0,70.70707,7.070707,0.5050505,0.0,,2.020202,1.010101
9556001258021,Choco bar,milo,Dairy & milk drinks,brand (clear),B,,,10.0,8.0,0.0,0.0,0.0,0.0,2.0
7613036083508,Sustagen,nestle,Unclassified,none,,,,375.0,45.0,2.5,1.6,,23.0,4.1
6130794000284,Nestlé pure life,nestle,Beverages,name/category keywords,C,1,,10.0,2.5,0.0,0.0,0.01,0.5,0.5
73634379,Oatmeal,gerber,Infant & young child nutrition,brand (clear),,,,400.0,6.6666665,6.6666665,0.0,,13.333333,6.6666665
0028000680909,,nestle,Unclassified,none,,,,,,,,,,
0042560041963,Lindahls kvarg vanille,nestle,Unclassified,none,,,,57.333332,3.2,0.2,,,10.133333,
7891000105566,caldo de verduras Maggi,maggi,Culinary & meals,brand (clear),,,2,,,,,,,
0024842251659,Sun-dried tomatoe pesto,buitoni,Culinary & meals,brand (clear),,,,354.8387,8.064516,32.258064,2.419355,3.1451614,6.451613,3.2258065
0076430916891,Nesquik,nesquik,Dairy & milk drinks,name/category keywords,,,,386.0,75.1,3.6,1.6,,5.1,7.7
8901058894547,Maggi Pichkoo,maggi,Culinary & meals,brand (clear),,,,139.0,30.8,0.0,0.0,2.565,1.2,1.8
8901058867923,Atta Maggi,maggi,Culinary & meals,brand (clear),,,,393.0,2.7,13.0,7.5,2.0525,8.0,4.8
8445290060990,Puré de papas,nestle,Breakfast cereals,name/category keywords,,4,4,572.0,9.2,18.0,3.2,2.14,14.0,6.8
4636003606633,French Vegan,thomy,Culinary & meals,brand (clear),,,,213.0,2.5,20.3,2.9,,0.3,0.2
8593893762961,Margot Kuličky v hořké čokoládě,nestle,Unclassified,none,,,,,,,,,,
0050000813360,Coconut cream creamer,coffee-mate,Coffee & creamers,brand (clear),,,,233.33333,33.333332,10.0,,,,
0043695647488,Big & Bold Double Pepperoni Pizza,nestle,Culinary & meals,name/category keywords,,,,261.7801,2.617801,12.565445,4.712042,1.5445026,9.424084,1.0471205
7630311537303,Chocolate fudge,nespresso,Coffee & creamers,brand (clear),,,,,,,,,,
8585002416049,Kuře na smetaně,maggi,Culinary & meals,brand (clear),,,,371.0,7.8,4.4,2.3,3.245,14.0,3.2
0015000937584,Puffs banana strawberry apple,gerber,Infant & young child nutrition,brand (clear),,,,357.14285,14.285714,0.0,0.0,0.0,0.0,
8901058896824,Pazzia cheese macaroni,maggi,Culinary & meals,brand (clear),,,,384.6154,10.769231,3.8461537,1.8461539,3.6153846,12.307693,3.0769231
0028000061517,Vegetable stock,maggi,Culinary & meals,brand (clear),,,,333.33334,16.666666,25.0,16.666666,5.0,0.0,0.0
7613287181077,Maggi ketchup,maggi,Culinary & meals,brand (clear),,,,126.0,25.7,0.2,0.0,,0.8,0.5
7613034210661,Mushroom soup,maggi,Culinary & meals,brand (clear),,,,378.0,12.4,11.2,5.4,10.74,11.0,1.0
0028000586164,black bean soup mix,maggi,Culinary & meals,brand (clear),,,,347.82608,4.347826,2.173913,0.0,9.23913,17.391304,17.391304
8901058893670,Ketchup,maggi,Culinary & meals,brand (clear),E,,,83.333336,8.333333,0.0,0.0,3.3333333,0.0,0.0
0052650854465,Blanc de poulet herta,herta,Culinary & meals,brand (clear),,,,106.0,0.5,2.0,0.7,,21.0,0.5
4633056030033,Pané aux légumes,garden-gourmet,Culinary & meals,brand (clear),,,,179.0,3.0,10.1,1.3,,5.3,4.8
7613035128712,Nescafé gold,nescafe,Coffee & creamers,brand (clear),,,,,,,,,,
7613036450133,Cubo Carne,maggi,Culinary & meals,brand (clear),,4,2,257.0,5.7,18.8,12.3,55.56,5.3,
1060203800714,Coconut caffè latte,dolce-gusto,Coffee & creamers,brand (clear),,,,464.0,7.9,18.5,15.4,,5.9,6.1
0015000003623,Lil' Bits Oatmeal Banana Strawberry Cereal (Crawler),gerber,Infant & young child nutrition,brand (clear),,,,400.0,13.333333,6.6666665,0.0,,6.6666665,6.6666665
7613287845740,Maggi Pasta sauce,maggi,Culinary & meals,brand (clear),,,,33.0,8.6,1.7,0.2,,1.8,2.2
8606018615124,Nirvana cookies and cream,nestle,Chocolate & confectionery,name/category keywords,,,,264.0,23.0,15.0,10.0,,3.8,0.5
0028000185725,Chocolate Chip Cookie Syrup,nestle,Chocolate & confectionery,name/category keywords,,4,3,275.0,62.5,0.0,0.0,0.78125,0.0,0.0
4891118623009,vanilla flavour ice cream with chocolate and roasted peanut,nestle,Chocolate & confectionery,name/category keywords,D,4,9,170.0,15.9,8.88,5.92,0.124,2.16,
7891000299265,,nestle,Unclassified,none,,,,,,,,,,
9300605123229,Sustagen High Protein,nestle,Unclassified,none,,,,97.514336,9.52,1.32,1.0,0.2,5.0,6.792453
6294017105566,Earthy Mushroom Soup,maggi,Culinary & meals,brand (clear),,,,56.0,9.5,4.2,1.2,,8.5,6.8
0646466976413,Goodnes. Skyr,nestle,Unclassified,none,,,,76.0,6.9,0.34,,,10.7,
8585002438898,Inspirováno Čínou,maggi,Culinary & meals,brand (clear),,,1,362.0,35.0,5.7,0.6,6.0,5.9,6.1
03164136,Maggi,maggi,Culinary & meals,brand (clear),,,,,,,,,,
7613287593474,Chocapic Trocitos - 380gr,nestle,Breakfast cereals,name/category keywords,,,,,,,,,,
0015090048924,Lindahl protein puddin,nestle,Unclassified,none,,,,74.0,3.5,0.6,0.4,,10.0,0.7
0015000228507,Organic Banana Mango (Sitter),gerber,Infant & young child nutrition,brand (clear),,,,88.888885,16.666666,0.0,0.0,,1.1111112,1.1111112
0015000466725,Oat milk smoothie,gerber,Infant & young child nutrition,brand (clear),,,,57.692307,6.730769,0.48076922,0.0,,1.9230769,0.96153843
4800361067560,Nestle Sensational Strawberry Flavored Yogurt,nestle,Dairy & milk drinks,name/category keywords,,,,83.6,11.8,0.818,0.455,0.132,3.18,0.0
0050000563333,Zesty orange sauce,nestle,Culinary & meals,name/category keywords,,,,184.21053,44.736843,0.0,0.0,0.9868421,0.0,
7613039600115,Beba bio,nestle,Infant & young child nutrition,name/category keywords,,,,,,,,,,
82570743,Gerber organic wonder foods carrot apple mango,gerber,Infant & young child nutrition,brand (clear),,,,,,,,,,
7613287146953,Tomato ketchup,maggi,Culinary & meals,brand (clear),,,,13.0,25.7,0.2,0.0,,0.8,0.5
9300605119895,Nesquik Chocolate,nestle,Chocolate & confectionery,name/category keywords,,,,412.72726,80.0,3.6363637,1.8181819,0.11363637,4.5454545,
6009188002220,Kit Kat Dark,nestle,Chocolate & confectionery,name/category keywords,,,,,,,18.0,20.0,46.0,55.0
9300605145658,Plus - Immune support,nestle,Unclassified,none,,,,382.4,7.2,1.8,0.7,0.215,8.2,3.2
44099185,,nestle,Unclassified,none,,,,,,,,,,
00384025,Cappucino gold,nescafe,Coffee & creamers,brand (clear),,,,391.30435,47.826088,8.695652,8.695652,,8.695652,4.347826
0050000843909,Coffee mate coffee creamer,nestle,Coffee & creamers,name/category keywords,,,,500.0,60.0,30.0,20.0,0.0,0.0,
8901058895766,maggi Pichkoo tomato ketchup,nestle,Culinary & meals,name/category keywords,D,4,3,121.0,26.5,0.0,0.0,1.94225,0.9,1.3
4620021193640,бон пари фруктовый лед с соком арбуза,nestle,Unclassified,none,,,,87.0,15.0,0.3,,,0.1,
8711688444438,Toscaanse Carré,garden-gourmet,Culinary & meals,brand (clear),,,,212.5,5.2499995,11.25,2.75,,10.750001,6.25
8992696523142,Flat white,dolce-gusto,Coffee & creamers,brand (clear),,,,45.0,3.0,2.0,1.5,,2.0,
7501058626424,Klim Deslactosado 1+,nestle,Dairy & milk drinks,name/category keywords,,,,444.0,36.1,16.7,,0.625,13.9,2.78
7613033885747,,maggi,Culinary & meals,brand (clear),,,,,,,,,,
93625364,Decaffeinated coffee,nescafe,Coffee & creamers,brand (clear),,,,,,,,,,
45254444,Coffee creamer,nestle,Coffee & creamers,name/category keywords,,,,233.33333,33.333332,10.0,0.0,,0.0,
05007721,Coffeemate,nestle,Coffee & creamers,name/category keywords,,,,500.0,,25.0,25.0,0.625,0.0,
9300605147935,Dark Chocolate 40% Cocoa,nestle,Chocolate & confectionery,name/category keywords,,,,100.4,10.7,3.1,1.6,,1.0,
7613287119933,Mosterd soep,maggi,Culinary & meals,brand (clear),C,4,0,51.0,1.0,2.8,0.2,0.65,1.3,0.5
8445290057518,pomidorų sriuba,maggi,Culinary & meals,brand (clear),,,,,,,,,,
01500707,gain & grow,gerber,Infant & young child nutrition,brand (clear),,,1,,,,,,,
8901058867398,Hot and sweet sauce,maggi,Culinary & meals,brand (clear),,,,193.6,41.6,0.0,0.0,2.975,1.0,
44004314,Přidej vejce hovězí polévka,maggi,Culinary & meals,brand (clear),,,,,,,,,,
5057404804623,kureci polevka,maggi,Culinary & meals,brand (clear),,,,23.0,0.4,0.4,0.1,,1.0,0.3
7460123456208,Maggi,maggi,Culinary & meals,brand (clear),,,,,,,,,,
4902201411110,Excella Sugarless,nescafe,Coffee & creamers,brand (clear),B,,,0.0,0.0,0.0,,0.1,0.0,
8593893768895,MARGOT,nestle,Unclassified,none,E,,0,,52.0,20.0,10.0,0.06,7.6,3.9
0044960048924,Protein pudding,nestle,Unclassified,none,,,,74.0,3.5,0.6,0.4,,10.0,0.7
7630054476204,Café,nespresso,Coffee & creamers,brand (clear),,,,,,,,,,
5204739612960,Nirvana,nestle,Unclassified,none,,,,264.0,27.0,14.0,8.8,0.2,2.6,
9300605142206,Mocha inspired by Scorched Almonds,nescafe,Coffee & creamers,brand (clear),,,,77.0,8.7,2.3,2.1,0.275,1.0,0.0
8901058897159,Milkybar,nestle,Chocolate & confectionery,name/category keywords,E,4,1,497.0,39.9,27.3,25.1,0.38775,11.1,
39745132,Natural bliss creamer,nestle,Coffee & creamers,name/category keywords,,,,233.33333,33.333332,10.0,6.6666665,,0.0,
8585002437594,Pikant gulášová polévka,maggi,Culinary & meals,brand (clear),,,,,,,,,,
7613034027610,Nestum trigo miel x 350 gr,nestle,Infant & young child nutrition,name/category keywords,,,,,,,,,,
7613036218979,,nestle,Unclassified,none,,,,,,,,,,
7613287767585,Provence,maggi,Culinary & meals,brand (clear),A,,,196.0,13.5,0.7,0.1,0.33,8.3,24.9
7501058640512,Compota,gerber,Infant & young child nutrition,brand (clear),,,,70.0,14.0,9.0,0.0,,60.0,
9300605143227,maggi gravy,maggi,Culinary & meals,brand (clear),,4,4,,,,,,,
0015000073503,Vanilla Custard Pudding with banana Snacks for baby,gerber,Infant & young child nutrition,brand (clear),C,,,120.0,10.0,1.5,0.0,0.15,2.0,1.0
7630054465840,Nespresso,nespresso,Coffee & creamers,brand (clear),,,,,,,,,,
0028000421540,Tamarind Sauce,maggi,Culinary & meals,brand (clear),,,,40.625,40.625,0.0,0.0,3.046875,0.0,
6111018905653,Nescafé 2 en 1,nescafe,Coffee & creamers,brand (clear),,,,,,,,,,
7891000099551,Nidina,nestle,Unclassified,none,,,0,,,,,,,
0015000114060,Organic Banana Strawberry Beet Oatmeal (Toddler),gerber,Infant & young child nutrition,brand (clear),,,,66.666664,10.0,0.5555556,0.0,,1.1111112,1.1111112
9300605075719,Maggi Chinese five spice stir fry,maggi,Culinary & meals,brand (clear),C,,,95.6,14.2,2.6,1.0,1.8125,1.0,10.0
6130794000277,Vitality,nestle,Unclassified,none,,,,10.0,2.5,25.0,0.0,,0.5,0.5
0043695034233,Cheeseburger sandwich,nestle,Unclassified,none,,,,238.93805,4.424779,7.964602,4.424779,1.2389381,7.079646,0.88495576
3800029108254,,nestle,Unclassified,none,,,,,,,,,,
0050000340323,Oat Milk Creamer Peppermint Mocha,nestle,Coffee & creamers,name/category keywords,,4,2,200.0,26.666666,6.6666665,6.6666665,0.41666666,0.0,
7501059240445,NAN 1,nestle,Unclassified,none,,4,3,522.0,58.7,27.7,,0.525,9.5,
7702024056447,Nesquik Chocolate,nestle,Chocolate & confectionery,name/category keywords,E,,,346.0,76.9,0.0,0.0,0.481,7.69,7.69
8901058868418,Rich Tomato Ketchup,maggi,Culinary & meals,brand (clear),,,,,,,,,,
9300605142978,Spicy mexican,maggi,Culinary & meals,brand (clear),,,,179.3,16.1,7.5,7.5,1.025,2.5,40.0
0055000203623,Drumstick,nestle,Unclassified,none,,,,169.23077,18.461538,6.1538463,3.8461537,,2.3076923,0.7692308
44258986,Grain y grow,gerber,Infant & young child nutrition,brand (clear),,,,,0.0,,0.0,,,
8593893741973,Jojo Mixle Pixle,nestle,Chocolate & confectionery,name/category keywords,,,,,,,,,,
19130232900163290001603,,nestle,Unclassified,none,,,,,,,,,,
6111018907527,Nescafé Gold,nescafe,Coffee & creamers,brand (clear),,,,,,,,,,
10883404,La Lechera,nestle,Unclassified,none,,,,333.33334,56.410255,8.974359,5.1282053,0.28846154,5.1282053,
7613039792377,,nestle,Unclassified,none,,,,,,,,,,
7501059287938,half and half cream,nestle,Dairy & milk drinks,name/category keywords,,,,,,,,,,
7613287582683,Garlic Mayonnaise,maggi,Culinary & meals,brand (clear),,,,,,,,,,
35354659,Milos zero calorie sweet tea,milo,Dairy & milk drinks,brand (clear),,,,,,,,,,
01657654,Creamer,nestle,Coffee & creamers,name/category keywords,,,,60.0,33.333332,6.6666665,0.0,,0.0,
4800361393515,Fortified Choco Milk,nestle,Dairy & milk drinks,name/category keywords,,,,120.0,15.7,2.8,1.3,0.2785,3.7,0.4
8901058892819,Maggi Noodles,maggi,Culinary & meals,brand (clear),,,,388.57144,1.8571428,13.571428,8.142858,2.5707142,8.142858,2.0
9300605143432,Goodness Bowl Bran Plus,nestle,Culinary & meals,name/category keywords,,,,322.7,12.2,5.3,0.9,0.975,12.9,34.1
7613038087719,โคลด์บริว กาแฟคั่วบดผสม,nestle,Coffee & creamers,name/category keywords,,,0,155.0,0.0,10.3,5.15,0.0,10.3,0.0
9400556018183,Smoky paprika burrito,maggi,Culinary & meals,brand (clear),,,0,,,,,,,
6171100031905,,nestle,Unclassified,none,,,,,,,,,,
6001068629206,Nestum - baby cereal - honey,nestle,Breakfast cereals,name/category keywords,,,,,12.0,2.5,1.0,0.675,6.0,1.2
6171100031653,Lait entier en poudre,nestle,Dairy & milk drinks,name/category keywords,,,,508.0,40.0,28.2,19.0,0.75,23.6,0.0
7861001238563,,nestle,Unclassified,none,,,,,,,,,,
71956572,Coffeemate Creamer,nestle,Coffee & creamers,name/category keywords,C,,,500.0,0.0,0.0,0.0,0.625,0.0,
7891000326442,Barra de Chocolate ao Leite com flocos de cereais sabor chocolate,nescau,Breakfast cereals,name/category keywords,,,,,,,,,,
8690632761626,Coffee mate,nestle,Coffee & creamers,name/category keywords,,4,0,,,,,,,
7613287574619,Nestlé lait écrémé en poudre,nestle,Dairy & milk drinks,name/category keywords,,,,515.0,37.8,29.5,14.9,,24.0,0.0
0054545347434,Maggi,maggi,Culinary & meals,brand (clear),,,,69.0,3.5,0.5,0.1,,9.8,0.5
9556001204356,Nestlé,nestle,Unclassified,none,,,,,,,,,,
7702024732761,Milo,nestle,Dairy & milk drinks,name/category keywords,,,,168.0,8.3,1.7,1.0,0.0,9.6,0.0
7861001299182,,maggi,Culinary & meals,brand (clear),,,,,,,,,,
7630054474606,Coffee,nespresso,Coffee & creamers,brand (clear),,,,,,,,,,
3800020403679,KitKat chunky,nestle,Chocolate & confectionery,name/category keywords,,,,,45.7,29.5,16.2,,8.33,
5941017017153,Maggi Secretul gustului,maggi,Culinary & meals,brand (clear),,,,134.0,9.7,4.8,0.6,,5.0,1.7
8690632007311,Broccoli soup,maggi,Culinary & meals,brand (clear),,,,445.0,11.6,20.5,4.4,,10.3,5.2
7702024008422,Galleta Milo,nestle,Dairy & milk drinks,name/category keywords,,,,462.0,31.5,15.9,6.18,0.721,5.0,
7773401002739,María Maizena sabor Chocolate,nestle,Chocolate & confectionery,name/category keywords,,,,465.0,13.8,5.75,1.75,1.17,,
0088169407663,Consome de pollo,maggi,Culinary & meals,brand (clear),,,,,,,,,,
0024842663933,Spicy Red Pepper Pesto,buitoni,Culinary & meals,brand (clear),,,,258.0645,6.451613,24.193548,1.6129032,1.8145162,1.6129032,3.2258065
4673443665141,Pate a pizza  rectangulaire epaisse,herta,Culinary & meals,brand (clear),,,,274.0,2.0,6.6,2.3,,6.7,2.4
06184285,Grain & Grow Peach Puffs,gerber,Infant & young child nutrition,brand (clear),,,,357.14285,14.285714,0.0,0.0,0.0,0.0,
7702024075943,Sopa de Quinua con Vegetales,maggi,Culinary & meals,brand (clear),,,,321.42856,7.142857,7.142857,3.5714285,9.107142,7.142857,7.142857
6221007021421,,nestle,Unclassified,none,,,,,,,,,,
8606018614820,"Familia Cocoa, Biscuit & Hazelnut",nestle,Chocolate & confectionery,name/category keywords,D,4,4,183.0,25.0,6.9,5.9,0.16,2.2,0.5
0015000009090,Pasta pick ups ravioli,gerber,Infant & young child nutrition,brand (clear),,,,94.12,1.18,2.35,1.18,0.508,3.53,1.18
7613034309228,,nestle,Unclassified,none,,,,,,,,,,
0028000743970,Ketchup,maggi,Culinary & meals,brand (clear),E,,,156.25,31.25,0.0,0.0,2.1875,0.0,
8901058904000,Instant noodles,maggi,Culinary & meals,brand (clear),,,,389.0,1.8,13.5,8.2,4.6,8.0,
0643435597440,Mousline crème et pointe  de muscade,maggi,Culinary & meals,brand (clear),,,,65.0,1.8,1.0,0.7,,2.0,0.9
8445290039675,Kit Kat Dark 70%,nestle,Chocolate & confectionery,name/category keywords,E,4,2,522.0,28.2,33.3,18.1,0.04,8.1,8.9
7613037771053,Nido Fortified Powered Milk,nestle,Dairy & milk drinks,name/category keywords,,,,493.0,39.8,26.2,17.7,0.75,24.4,0.0
0015000044428,Veggie power,gerber,Infant & young child nutrition,brand (clear),,,,,0.0,,0.0,,,
7630311540884,Pumpkin spice cake,nespresso,Coffee & creamers,brand (clear),,,,,,,,,,
7630311500529,Half Caffeinato,nespresso,Coffee & creamers,brand (clear),,,,1.6,0.0,0.0,0.0,,0.24,0.0
7630477883504,Nespresso melozio decaffeinato,nespresso,Coffee & creamers,brand (clear),,,,,,,,,,
8445290060976,Puré de papas sabor cuatro quesos,nestle,Breakfast cereals,name/category keywords,,4,5,348.0,,0.0,0.0,1.63,7.2,6.4
09178168,Grain & Grow Oatmeal,gerber,Infant & young child nutrition,brand (clear),,,,,0.0,,0.0,,,
7630039685591,Nespresso Kazaar,nespresso,Coffee & creamers,brand (clear),,,,,,,,,,
7630311524242,nespresso,nestle,Coffee & creamers,name/category keywords,,,0,,,,,,,
7630428723378,Amaha Awe Uganda,nespresso,Coffee & creamers,brand (clear),,,,0.0,3.3333333,0.0,0.0,,0.0,66.666664
0051250840328,Arrowroot biscuit,gerber,Infant & young child nutrition,brand (clear),,,,20.0,1.0,0.5,,,0.3,
93600354,Bertie beetle,nestle,Chocolate & confectionery,name/category keywords,,,,500.0,,24.0,,,3.0,
4891118047003,Acti-V Probiotic,nestle,Unclassified,none,,,,,13.9,1.9,1.2,0.59,3.7,
4891118433479,High Calcium Low Sugar Soya Milk,nestle,Dairy & milk drinks,name/category keywords,B,4,7,45.8,4.32,1.99,0.636,0.0498,2.12,
7861091157461,Daisy,nestle,Unclassified,none,,,,120.0,6.0,2.0,2.0,,6.0,
8801055709052,Gold Decaf,nescafe,Coffee & creamers,brand (clear),,1,0,,,,,,,
7613034413154,,nesquik,Dairy & milk drinks,brand (default),,,,,,,,,,
0688267562211,Three cheese tortellini,buitoni,Culinary & meals,brand (clear),,,,283.01886,0.9433962,7.5471697,2.3584905,1.0613208,11.320755,1.8867924
277613039480540500000295,Saussice,garden-gourmet,Culinary & meals,brand (clear),,,,,,,,,,
7501059275904,Nido Crecimiento Prebio 1,nido,Infant & young child nutrition,name/category keywords,,4,1,,,,,,,
8901058897241,cerelac,nestle,Infant & young child nutrition,name/category keywords,,,,140.0,8.0,4.0,0.0,0.0,4.0,0.0
9300605111400,Milo,milo,Dairy & milk drinks,brand (clear),,,,100.38241,6.6,2.5,1.1,,1.5,2.4
7630428722616,Nespresso Coffee,nespresso,Coffee & creamers,brand (clear),,,,,,,,,,
7891000329245,Wafer,nestle,Chocolate & confectionery,name/category keywords,,,,,,,,,,
7891000318652,Choco Mix,nestle,Unclassified,none,,,,,,,,,,
7630311550234,Master origins Colombia,nespresso,Coffee & creamers,brand (clear),,,,,,,,,,
0028000397074,Cinnamon Roll Truffles,nestle,Chocolate & confectionery,name/category keywords,,,,571.4286,57.142857,42.857143,35.714287,0.0,0.0,0.0
7891000345603,,nestle,Unclassified,none,,,,,,,,,,
7630054493553,Coffee,nespresso,Coffee & creamers,brand (clear),,,,,,,,,,
7613287028600,,thomy,Culinary & meals,brand (clear),,,,,,,,,,
7613036281911,,nestle,Unclassified,none,,,,,,,,,,
7613035757066,Optifast,nestle,Health & clinical nutrition,name/category keywords,,,,840.0,19.0,8.5,1.7,8.0,37.7,6.8
0798716060561,Nutren,nestle,Health & clinical nutrition,name/category keywords,,,,100.0,0.0,3.4,0.0,0.22,4.0,1.2
7891000318614,Batom ao leite,nestle,Dairy & milk drinks,name/category keywords,,,,,,,,,,
0050000679041,Stuffed Jumbo cookies,nestle,Chocolate & confectionery,name/category keywords,,,,410.7143,39.285713,17.857143,8.928572,1.3392857,5.357143,0.0
9300605133624,Nancare probiotics + vitamin D,nestle,Unclassified,none,,,,,0.0,,0.0,,,
8901058900927,,maggi,Culinary & meals,brand (clear),,,,,,,,,,
8593893782037,Munchies: Gooey Caramel & Biscuit,nestle,Chocolate & confectionery,name/category keywords,,,,507.0,52.4,26.8,15.8,0.05,4.6,
8961008213033,Nescafe,nestle,Coffee & creamers,name/category keywords,,4,3,451.0,58.0,19.5,10.2,1.7,11.0,3.0
4800361067621,Nestlé Creamy Yogurt,nestle,Dairy & milk drinks,name/category keywords,,,,58.4,3.2,2.4,1.36,0.14,2.72,
8961008218410,,nestle,Unclassified,none,,,,,,,,,,
0028000555177,Bite size filled baking truffles,nestle,Chocolate & confectionery,name/category keywords,,4,1,,,,,,,
2431282019516,qualitystreet,nestle,Unclassified,none,,,,,,,,,,
7613287184757,Bază pentru mâncăruri - vită,maggi,Culinary & meals,brand (clear),,,,,,,,,,
7613035133730,Thé noir,nestle,Unclassified,none,,,,,,,,,,
0044144650035,Café amande,dolce-gusto,Coffee & creamers,brand (clear),,,,49.0,2.1,1.6,1.3,,0.7,0.7
7630428711818,Café Stormio,nespresso,Coffee & creamers,brand (clear),,,,,,,,,,
8901058895926,,maggi,Culinary & meals,brand (clear),,,,,,,,,,
0054466308460,Natural bliss creamer,coffee-mate,Coffee & creamers,brand (clear),,,,233.33333,,6.6666665,,,,
7630054475580,Ispirazione Roma,nespresso,Coffee & creamers,brand (clear),,,,,,,,,,
0015000070052,,gerber,Infant & young child nutrition,brand (clear),,,,,,,,,,
8961008216751,,nestle,Unclassified,none,,,,122.0,,5.2,,,3.9,0.0
9300605126114,Nestle MILO,milo,Dairy & milk drinks,brand (clear),,,,385.0,43.6,9.7,6.3,0.35,12.3,4.1
0050000796472,Plant based almond and oat,nestle,Unclassified,none,,,,200.0,33.333332,6.6666665,0.0,0.41666666,0.0,
16359503,Dibs,nestle,Unclassified,none,,,,,,,,,,
05009862,Coffemate Zero Sugar Peppermint Mocha coffee creamer,nestle,Coffee & creamers,name/category keywords,,,,100.0,,6.67,,0.0833,,
9300605145047,Milky bar,nestle,Unclassified,none,,,,162.6,15.8,10.0,5.8,,2.2,
9400556018688,Scorched almonds salted caramel,nestle,Chocolate & confectionery,name/category keywords,,4,4,,,,,,,
6917878015903,cheerios multgrain breakfast cereal,nestle,Breakfast cereals,name/category keywords,,,,,0.0,3.9,1.6,1.1775,8.1,6.5
7630311583171,Japanese sencha,nespresso,Coffee & creamers,brand (clear),,,,,,,,,,
7613036095877,Hospital formula sustagen,nestle,Infant & young child nutrition,name/category keywords,,,,375.0,45.0,16.0,2.5,0.675,5.8,
9310036074687,Milo Energy Dairy Snack,milo,Dairy & milk drinks,brand (clear),,,,128.66667,13.066667,4.4,2.8,0.49166667,4.4,
6033000087874,Gloria,nestle,Unclassified,none,,,,154.0,12.5,7.7,3.8,0.35,8.2,0.0
6033000088246,Milo Energy food drink,nestle,Dairy & milk drinks,name/category keywords,,,,45.945946,45.135136,12.972973,0.0,0.6,11.8918915,2.9729729
0015000935627,Graduates graduates,gerber,Infant & young child nutrition,brand (clear),,,,50.0,11.666667,0.0,0.0,,0.0,0.8333333
9300605145108,Milo Cereal,milo,Dairy & milk drinks,brand (clear),,,,382.33334,26.666666,4.6666665,1.3333334,0.3,24.333334,7.6666665
7501058650931,Reduced Fat Cream,nestle,Dairy & milk drinks,name/category keywords,,,,54.0,1.0,5.4,3.5,,0.6,
7778606000061,Leche Evaporada,nestle,Dairy & milk drinks,name/category keywords,,4,2,,,,,,,
6009188001674,,maggi,Culinary & meals,brand (clear),,,,,,,,,,
15792365,Natural Bliss,coffee-mate,Coffee & creamers,brand (clear),,,,233.33333,33.333332,10.0,6.6666665,,0.0,
4902201179300,KitKat Chocolate Wafer Snack little pouch,nestle,Chocolate & confectionery,name/category keywords,,,,521.73914,47.826088,26.086956,17.391304,0.4347826,8.695652,4.347826
8690632064598,Nestle Kahramanim,nestle,Unclassified,none,,,,567.0,49.0,36.0,19.0,0.18,9.8,1.0
58276525,Gerbers natural for baby Corn,gerber,Infant & young child nutrition,brand (clear),,,,231.88406,23.188406,4.347826,0.0,,5.7971015,5.7971015
7630054494628,Nespresso coffee pods,nespresso,Coffee & creamers,brand (clear),,,,,,,,,,
0688267562273,Four cheese ravioli,buitoni,Culinary & meals,brand (clear),,,,301.07526,3.2258065,9.67742,4.83871,1.1827956,11.827957,2.1505377
7591016205310,Nestea,nestle,Unclassified,none,,,,395.34885,95.34884,0.0,0.0,0.0,0.0,
7630311591466,Vanilla Custard Pie,nespresso,Coffee & creamers,brand (clear),,,,,,,,,,
7613039866092,Nescafé Gull,nestle,Coffee & creamers,name/category keywords,,1,0,,,,,,,
8585002440754,BIO Chicken soup,maggi,Culinary & meals,brand (clear),,,,,,,,,,
8606018613281,,nestle,Unclassified,none,,,,247.0,29.0,11.0,9.0,0.0,3.0,2.0
0015000910303,Gerber,gerber,Infant & young child nutrition,brand (clear),,,,45.454544,7.070707,0.0,0.0,,0.0,
7630047676123,Nespresso,nespresso,Coffee & creamers,brand (clear),,,,,,,,,,
7891000321324,Instant coffee NESCAFE STRONG,nescafe,Coffee & creamers,brand (clear),,1,0,,,,,,,
7501058653567,Apple puree,nestle,Infant & young child nutrition,name/category keywords,,,,55.0,12.9,0.1,0.0,0.00325,0.3,1.3
7891000339060,espresso intenso,nescafe,Coffee & creamers,brand (clear),,,,,,,,,,
7613287586544,Nido forti grow,nestle,Dairy & milk drinks,name/category keywords,,,,500.0,36.53846,26.923077,11.153846,0.8557692,21.153847,
8850125089679,เนสวิต้า,nesvita,Beverages,name/category keywords,C,,0,391.0,21.7,4.35,0.0,0.435,8.7,17.4
11195010,mini rolo,nestle,Unclassified,none,,4,0,,,,,,,
6294017116241,حليب نيدو بودرة كامل الدسم,nestle,Unclassified,none,,,,,,,,,,
7616100478149,حليب نيدو بودرة كامل الدسم,nestle,Unclassified,none,,,,,,,,,,
9300605123892,Hollandaise,maggi,Culinary & meals,brand (clear),D,,,155.4,4.0,55.3,4.6,1.0125,2.0,
0028000673567,Savory Stock,maggi,Culinary & meals,brand (clear),,,,142.85715,14.285714,7.142857,0.0,15.357142,0.0,0.0
9556001148742,,maggi,Culinary & meals,brand (clear),,,,,,,,,,
03197737,La lenchera,nestle,Unclassified,none,,,,315.78946,55.263157,7.894737,5.263158,0.39473686,5.263158,
7630428705398,Double Espresso Scuro,nespresso,Coffee & creamers,brand (clear),,,,,,,,,,
5941017016361,3in1 classic,nestle,Unclassified,none,,,,431.0,57.7,13.2,12.0,13.2,1.3,2.6
7613033734441,NAN Expert pro,nestle,Unclassified,none,,,,,,,,,,
8445290194190,Nesquik,nestle,Chocolate & confectionery,name/category keywords,,4,1,140.0,20.0,3.0,1.9,0.345,7.3,0.8
5941017019195,Cocoa,nestle,Chocolate & confectionery,name/category keywords,,1,2,313.0,1.0,11.0,6.8,2.5,22.0,32.0
0041679408810,Boost,nestle,Health & clinical nutrition,name/category keywords,,,,,,,,,,
8901058902372,Maggi pazzta,maggi,Culinary & meals,brand (clear),,,,321.0,6.8,1.9,1.5,1.78,7.7,2.0
0018871658008,Gloria full cream evaporated milk recombined,nestle,Dairy & milk drinks,name/category keywords,,,,100.0,10.4,8.0,5.0,0.2925,6.3,0.0
7630428735692,Bianco Doppio,nespresso,Coffee & creamers,brand (clear),,,,,,,,,,
7630047677724,Café,nespresso,Coffee & creamers,brand (clear),,,,,,,,,,
8901058895742,,maggi,Culinary & meals,brand (clear),,,,,,,,,,
0688267562235,Mushroom agnolotti,buitoni,Culinary & meals,brand (clear),,,,247.70642,2.7522936,9.174312,5.504587,1.2614679,10.091743,2.7522936
0688267562242,Chicken & Prosciutto Tortelloni,buitoni,Culinary & meals,brand (clear),C,,,284.40366,0.9174312,7.3394494,2.293578,1.0321101,12.844037,1.8348624
0018871632008,Carnation Evaporated Milk,nestle,Dairy & milk drinks,name/category keywords,,,,138.0,3.7,8.0,5.1,0.293,2.2,0.0
7460123450800,Leche Condensada La Lechera,nestle,Dairy & milk drinks,name/category keywords,,,,6.945976,0.0,0.77177507,0.11025358,0.0,0.0,0.0
0028000771720,Nesquik chocolate milk,nesquik,Chocolate & confectionery,name/category keywords,,,,59.322033,8.898305,1.059322,0.63559324,0.13771187,3.3898306,0.42372882
0850678006503,Tropical coconut,nestle,Unclassified,none,,,,160.0,17.0,6.0,4.0,0.15,3.0,0.0
7613032275556,Nestle nestum 5 cereals,nestle,Breakfast cereals,name/category keywords,,,,,,,,,,
0050000188857,Peppermint Cocoa,nestle,Dairy & milk drinks,name/category keywords,,,,450.0,35.0,20.0,10.0,0.6875,5.0,0.0
7630428721428,Tokyo lundo,nespresso,Coffee & creamers,brand (clear),,,,,,,,,,
7630428736187,Saveur Noisette,nespresso,Coffee & creamers,brand (clear),,,,,,,,,,
06215798,Vegan burger patty,nestle,Unclassified,none,,,,197.0,0.6,13.7,4.0,,14.0,5.0
4902201180108,Kitkat chocolat orange,nestle,Chocolate & confectionery,name/category keywords,E,,0,550.0,52.1,33.0,13.2,0.3,8.0,
8901058900361,Munch Nuts,nestle,Chocolate & confectionery,name/category keywords,,,,,,,,,,
9300605132719,Supremepro 1,nestle,Unclassified,none,,,,,0.0,,0.0,,,
8445290253699,Triton,nestle,Unclassified,none,,,,,,,,,,
89009727,rich tomato sauce,maggi,Culinary & meals,brand (clear),,,,121.0,27.0,0.0,0.0,2.08375,0.6,1.3
93374781,Smarties,nestle,Chocolate & confectionery,name/category keywords,,,,62.0,8.8,2.3,1.4,,0.6,
8445290039699,Kit kat dark,nestle,Chocolate & confectionery,name/category keywords,,,,522.0,28.2,33.3,18.1,,8.1,8.9
7613287793867,Nesquick Extra Cacao,nesquik,Chocolate & confectionery,name/category keywords,,4,2,340.0,70.0,0.0,0.0,0.65,9.0,9.0
8585002432506,Rajská Sladká,maggi,Culinary & meals,brand (clear),,,,,,,,,,
0050000178070,Famous fudge kit,nestle,Unclassified,none,,,,378.3784,62.162163,12.162162,6.756757,0.30405405,2.7027028,2.7027028
92000150000053400099,Pasta stars with chicken and vegetables,gerber,Infant & young child nutrition,brand (clear),,,,76.47059,2.3529413,2.0588236,0.5882353,0.45588234,2.9411764,0.5882353
7501058642462,Apple puree,nestle,Infant & young child nutrition,name/category keywords,,,,50.0,8.3,0.1,0.0,,0.2,1.0
6221007034285,Maggi chicken stock,maggi,Culinary & meals,brand (clear),,,,239.00574,20.0,20.0,20.0,19.0,20.0,
7613035547971,,nestle,Unclassified,none,,,,,,,,,,
7613037062694,Bracafe,nescafe,Coffee & creamers,brand (clear),,,,294.11,0.0,0.0,0.0,0.0,0.0,0.0
0024842722227,Spinach & Artichoke Pesto,buitoni,Culinary & meals,brand (clear),,,,306.4516,4.83871,25.806452,3.2258065,2.016129,8.064516,
0015000044503,"Natural With Vitamin C, Veggie Power Variety Pack",gerber,Infant & young child nutrition,brand (clear),,,,45.454544,7.070707,0.0,0.0,,0.0,1.010101
0074444698222,Coffee Matte  Hazelnut creamer,nestle,Coffee & creamers,name/category keywords,,,,233.33333,33.333332,10.0,,,,
3274664221294,Facon tiramisu,nestle,Dairy & milk drinks,name/category keywords,D,,,226.0,21.0,10.0,6.2,0.17,3.6,0.5
0050000488421,Natural Bliss Vanilla,coffee-mate,Coffee & creamers,brand (clear),,,,318.18182,45.454544,13.636364,4.5454545,0.11363637,0.0,0.0
0470932609303,Spaghetti,maggi,Culinary & meals,brand (clear),,,,74.0,2.2,2.2,0.8,,3.1,0.8
0028000747237,Maggi chicken bouillon,maggi,Culinary & meals,brand (clear),,,,333.33334,16.666666,16.666666,16.666666,4.5833335,0.0,
0024842223380,Chicken Parmesan Ravioli,buitoni,Culinary & meals,brand (clear),C,,,231.0,2.78,5.56,1.85,1.48,12.0,
6221007030737,Maggi Chicken Stock,maggi,Culinary & meals,brand (clear),,,,,,,,,,
9556001261328,MILO MINI PAX,milo,Dairy & milk drinks,brand (clear),,,,,,,,,,
8901058904963,tomato kerchup,maggi,Culinary & meals,brand (clear),,,,121.0,26.5,1.0,0.0,1.94225,0.9,1.3
0015000334536,Incredi pouch,gerber,Infant & young child nutrition,brand (clear),,,,66.666664,10.0,0.5555556,0.0,,1.1111112,1.1111112
7613034303370,Pievagrybių sriuba,maggi,Culinary & meals,brand (clear),,4,4,432.0,4.3,21.2,11.1,11.97,6.7,1.2
7630428720605,Espresso pods,nespresso,Coffee & creamers,brand (clear),,,,,,,,,,
7002720001841,Nan,nestle,Infant & young child nutrition,name/category keywords,,,,,,,,,,
7613036117180,Baby food,nestle,Infant & young child nutrition,name/category keywords,,,,81.0,10.0,0.5,0.5,,10.0,2.9
8445290114433,Chocolate bar,nestle,Chocolate & confectionery,name/category keywords,,,,334.60803,8.571428,11.0,4.571429,3.125,29.142857,13.0
9556001280497,Dairy free almond latte,nescafe,Coffee & creamers,brand (clear),,,,90.0,10.8,3.4,1.4,,3.8,1.4
0050000644643,,coffee-mate,Coffee & creamers,brand (clear),,,,,,,,,,
6221007026280,Mega choclate ice cream,nestle,Dairy & milk drinks,name/category keywords,,,,,,,,,,
9300605134720,Sustagen sport vanilla,nestle,Unclassified,none,,,,346.5583,58.0,0.8333333,0.33333334,0.625,25.0,0.0
7630428722371,World Explorations Cape Town Lungo,nespresso,Coffee & creamers,brand (clear),,,,,,,,,,
90995361,Cons•mate,maggi,Culinary & meals,brand (clear),,,,200.0,0.0,20.0,10.0,25.0,0.0,
2000001146880,Bio Polévka rajčatová Toscana,maggi,Culinary & meals,brand (clear),E,,0,348.0,32.0,3.1,0.4,6.8,8.7,6.7
2000000407791,Sladká rajská,maggi,Culinary & meals,brand (clear),,,,,,,,,,
3800020403495,Chunky,nestle,Unclassified,none,,,,,,,,,,
7630428732158,Nespresso coffee,nespresso,Coffee & creamers,brand (clear),,,,,,,,,,
6033000088611,,nestle,Unclassified,none,,,,,,,,,,
7613287784339,Trix,nestle,Breakfast cereals,name/category keywords,,,,,,,,,,
7613034981561,Wheat and dates,nestle,Unclassified,none,,,,428.0,34.0,10.0,0.04,0.325,15.0,2.0
7460123447206,Caldo de Pollo,maggi,Culinary & meals,brand (clear),,,,276.0,7.27,18.2,10.9,45.5,3.64,0.0
7630428726256,Nespresso Altissio Decaffeinato,nespresso,Coffee & creamers,brand (clear),,,,,,,,,,
7630311541126,Peppermint pinwheel,nespresso,Coffee & creamers,brand (clear),,,,,,,,,,
56271843,Strawberry syrup,nesquik,Dairy & milk drinks,brand (default),,,,,,,,,,
6294017101780,powder chicken stock,maggi,Culinary & meals,brand (clear),,,,183.0,7.4,3.2,2.2,,8.4,1.1
7630311590827,Stormio,nespresso,Coffee & creamers,brand (clear),,,,,,,,,,
7630311572663,Coffee+ Vivida,nespresso,Coffee & creamers,brand (clear),B,,,0.0,0.0,0.0,0.0,0.0,0.0,0.0
64555393,banana teething sticks,gerber,Infant & young child nutrition,brand (clear),,,,333.33334,13.333333,0.0,0.0,0.33333334,0.0,
8961008210544,Cerelac,nestle,Infant & young child nutrition,name/category keywords,,,,,,,,,,
8445290321671,Sublime Clásico,nestle,Chocolate & confectionery,name/category keywords,E,4,1,554.0,51.8,32.7,16.8,0.26,7.5,0.0
7613036042833,Shake,nestle,Beverages,name/category keywords,,,,,,,,,,
8901058850482,Sunrise,nescafe,Coffee & creamers,brand (clear),,,,,,,,,,
4891118076607,Nescafe Cold Brew Choco latte,nescafe,Coffee & creamers,brand (clear),,,,,,,,,,
0050000224906,Rallies,nestle,Unclassified,none,,,,567.56757,37.837837,37.837837,18.918919,0.27027026,10.810811,5.4054055
12658473,Creamy and frothy cappuccino,nescafe,Coffee & creamers,brand (clear),,,,,,,,,,
0050000447626,Natural bliss almond creamer,nestle,Coffee & creamers,name/category keywords,,,1,200.0,33.333332,6.6666665,3.3333333,0.33333334,0.0,
4902201180061,Strawberry,nestle,Chocolate & confectionery,name/category keywords,E,4,1,563.0,58.2,33.4,24.8,0.6,3.9,
7613032989422,Jus pikant,maggi,Culinary & meals,brand (clear),,4,4,,,,,,,
8901058889987,Maggi pasta,maggi,Culinary & meals,brand (clear),,,,,5.4,2.8,2.2,,9.6,2.4
0028000165222,Lentil Soups Mix,maggi,Culinary & meals,brand (clear),,,,304.34784,4.347826,2.173913,0.0,9.565217,17.391304,13.043478
9556001255778,Pedas Giler Tom Yummz,maggi,Culinary & meals,brand (clear),,,,,,,,,,
9556001255730,Maggi Pedas Giler Seafood Berapi,maggi,Culinary & meals,brand (clear),,,,,,,,,,
8445290114365,Optifast,nestle,Health & clinical nutrition,name/category keywords,,,,346.55832,10.0,11.0,3.8,11.0,32.0,10.0
0088169003667,,maggi,Culinary & meals,brand (clear),,,,,,,,,,
7613032808471,Leche Evaporada Ideal,nestle,Dairy & milk drinks,name/category keywords,,4,2,78.3,,0.5,0.333,0.287,7.0,
7630311592142,Colomble,nespresso,Coffee & creamers,brand (clear),,,,,,,,,,
0028000873264,Maggi,maggi,Culinary & meals,brand (clear),,,,,,,,,,
6294017114902,Chicken stock,maggi,Culinary & meals,brand (clear),,,,3.5928144,0.119760476,0.119760476,0.119760476,0.89825,0.059880238,0.059880238
7613036382212,,nestle,Unclassified,none,,4,0,,,,,,,
4800361411745,,nestle,Unclassified,none,,,,,,,,,,
0059800113885,kitkat chunky minis,nestle,Chocolate & confectionery,name/category keywords,,,,,,,,,,
7630428719319,Nespresso Arpeggio,nespresso,Coffee & creamers,brand (clear),,,,0.0,0.0,0.0,0.0,,0.0,0.0
3800020403914,KitKat Chunky caramel,nestle,Chocolate & confectionery,name/category keywords,,,0,495.0,52.6,24.5,14.2,,6.9,1.9
6294003557287,Cerelac,nestle,Infant & young child nutrition,name/category keywords,,,,415.2,26.0,10.0,3.2,0.45,14.0,2.2
01537545,Sweet Potatoe,gerber,Infant & young child nutrition,brand (clear),,,,61.946903,7.079646,0.0,0.0,,0.88495576,0.88495576
7591016203033,Te Fro,nestle,Unclassified,none,,,,395.34885,93.023254,0.0,0.0,0.0,0.0,
9300605040335,Sustagen,nestle,Unclassified,none,,,,387.1893,54.0,1.4,0.9,0.6,19.2,0.0
0050000165315,"Pop tarts, toasted, brown sugar, cinnamon",coffee-mate,Coffee & creamers,brand (clear),,,,233.33333,33.333332,10.0,0.0,,0.0,
0015000048297,Freeze-dried yogurt snacks,gerber,Infant & young child nutrition,brand (clear),,,0,428.57,57.14,7.14,0.0,0.7257,14.29,0.0
9300605148604,Classic Party Mix,nestle,Unclassified,none,,,,346.5,45.5,5.0,5.0,0.25,4.0,
9300744035261,,nestle,Unclassified,none,,,0,,,,,,,
8445290026590,nescafe,nestle,Coffee & creamers,name/category keywords,,,0,,,,,,,
7630428705176,Diavolitto,nespresso,Coffee & creamers,brand (clear),,,,,,,,,,
6860092644643,Caramel Plant Based Creamer,coffee-mate,Coffee & creamers,brand (clear),D,,,200.0,33.3,6.67,0.0,0.417,0.0,0.0
7501059283527,,nestle,Unclassified,none,,,,,,,,,,
8445290480088,,nestle,Beverages,name/category keywords,,,,,,,,,,
7613287222107,,nestle,Unclassified,none,,,,,,,,,,
6294003594015,KitKat Arabic Coffee,nestle,Coffee & creamers,name/category keywords,,,,507.69232,52.307693,25.641026,15.384615,0.25641027,8.205129,3.0769231
05471171,Soothe ‘n’ chew,gerber,Infant & young child nutrition,brand (clear),,,,333.33334,13.333333,0.0,0.0,0.33333334,0.0,
0688267562266,Buitoni,buitoni,Culinary & meals,brand (clear),,,,292.45282,0.9433962,7.5471697,2.8301888,1.0849056,11.320755,1.8867924
8585002433763,Houbová,maggi,Culinary & meals,brand (clear),,,0,,,,,,,
0643433000379,Le lait sucré goût caramel,nestle,Chocolate & confectionery,name/category keywords,,,,311.0,53.0,7.8,4.5,,7.3,
9300605118133,Nescafe Original,nestle,Coffee & creamers,name/category keywords,,,,,,,,,,
7613033516504,,nestle,Unclassified,none,,,,,,,,,,
8850011066715,KitKat Ice cream w/ choc flavoured coating and wafer,nestle,Chocolate & confectionery,name/category keywords,,4,9,216.0,15.0,14.5,8.5,,2.8,
8901058904703,Maggi masala oats noodles,maggi,Culinary & meals,brand (clear),,,,417.68707,0.0,17.414967,0.0,0.0,11.428572,5.9863944
9300605122116,Bold and Smooth Nescafé Classic (5) Medium Roast,nescafe,Coffee & creamers,brand (clear),,,,,,,,,,
7460123430208,Maggie all purpose seasoning,maggi,Culinary & meals,brand (clear),,,,214.28572,0.0,7.142857,3.5714285,1.6071428,0.0,0.0
7630311591947,Nespresso,nespresso,Coffee & creamers,brand (clear),,,,,,,,,,
7798067032043,balance nutritivo,molico,Dairy & milk drinks,brand (default),,,,,,,,,,
7613287188571,Lion Caramel Blond,nestle,Chocolate & confectionery,name/category keywords,E,,,492.0,53.4,22.3,12.6,0.55,3.6,0.4
16137264,,nestle,Unclassified,none,,,,,,,,,,
7613287943194,Sójová omáčka XXL original,maggi,Culinary & meals,brand (clear),,,,,,,,,,
9351693003207,Native Sleep,nestle,Unclassified,none,,,,398.3429,3.015873,8.888889,1.2698413,,44.444443,5.714286
7613037063493,Optifast Protien Plus,nestle,Health & clinical nutrition,name/category keywords,,,,153.96075,1.1656442,3.4355829,0.49079755,0.41411042,17.177914,2.2085888
7290115205176,Fitness,nestle,Chocolate & confectionery,name/category keywords,,,,461.0,6.6,17.0,2.0,,12.5,5.0
0389000648765,,nestle,Unclassified,none,,,,,,,,,,
7613032493974,,nestle,Unclassified,none,,,,,,,,,,
7613287292896,Dolca suave,nescafe,Coffee & creamers,brand (clear),,3,0,333.0,28.0,0.0,0.0,0.056,10.0,0.0
7501059275911,Nido Crecimiento Prebio 1,nido,Infant & young child nutrition,name/category keywords,,,,457.0,,19.0,,0.6,15.0,
0030000065587,Nesquik,nestle,Dairy & milk drinks,name/category keywords,,,,386.0,9.5,1.8,1.1,,3.6,0.5
7891000282809,Composto Lácteo com Óleos Vegetais e Fibras,ninho,Dairy & milk drinks,brand (default),,,,,,,,,,
9300605139046,Resource,nestle,Health & clinical nutrition,name/category keywords,,,,106.35755,14.3,0.0,0.0,,3.8,0.0
0055000563710,So Juicy,maggi,Culinary & meals,brand (clear),,,,352.94116,23.529411,3.5294118,0.0,16.470589,11.764706,0.0
7613287000118,sustagen,nestle,Unclassified,none,,,,,,,,,,
7630054493638,Coffee-Cosi,nespresso,Coffee & creamers,brand (clear),,,,,,,,,,
0056650600305,Pate feuilletée allégée,herta,Culinary & meals,brand (clear),,,,348.0,1.5,16.0,6.3,,7.0,2.3
7506475109529,Nido,nestle,Dairy & milk drinks,name/category keywords,,,,,,,,,,
17633638,Natural Bliss Oat Creamer Brown Sugar,coffee-mate,Coffee & creamers,brand (clear),,,,200.0,26.666666,6.6666665,6.6666665,0.41666666,0.0,
7613287920577,Nestle Joe mini caramel,nestle,Chocolate & confectionery,name/category keywords,,,,,,,,,,
7630311590667,Coffee pods,nespresso,Coffee & creamers,brand (clear),,,,,,,,,,
8445290256515,dolca cortado,nescafe,Coffee & creamers,brand (clear),,4,4,,,,,,,
85957084,Hašlerky meduňka s citronem,nestle,Unclassified,none,,4,2,,,,,,,
7460123433209,Maggi Fish Tea,maggi,Culinary & meals,brand (clear),,,,,,,,,,
7630428718275,Nespress,nespresso,Coffee & creamers,brand (clear),,,,,,,,,,
7630311503063,Coffee,nespresso,Coffee & creamers,brand (clear),,,,,,,,,,
9556001030740,Maggi sos cili thai,maggi,Culinary & meals,brand (clear),,,,,,,,,,
7630311590988,Bianchi Forte,nespresso,Coffee & creamers,brand (clear),,,,,,,,,,
9300605151185,Freckles,nestle,Chocolate & confectionery,name/category keywords,E,,,478.0,67.5,18.5,16.0,0.212,5.0,
9556001198778,Kitkat Chunky,nestle,Chocolate & confectionery,name/category keywords,,,,,,,,,,
8961008209548,everyday milk powder,nestle,Dairy & milk drinks,name/category keywords,,4,1,,,,,,,
8593893782099,Čokoláda mléčná,nestle,Chocolate & confectionery,name/category keywords,E,,0,540.0,54.1,31.9,18.6,0.12,6.4,3.2
7506475104807,,nestle,Unclassified,none,,,,,,,,,,
4902201180191,Kitkat,nestle,Chocolate & confectionery,name/category keywords,,,,64.0,,13.9,,,0.44,
0028000745066,Garlic Chili Soy Sauce,maggi,Culinary & meals,brand (clear),,,,33.333332,6.6666665,0.0,,13.166667,0.0,
9400556015250,,nestle,Unclassified,none,,,,,,,,,,
8445290268440,Leche en polvo la lechera,nestle,Dairy & milk drinks,name/category keywords,,4,1,,,,,,,
7460123434817,Sazonador Naturisimo,maggi,Culinary & meals,brand (clear),,,,120.0,10.0,0.0,0.0,,30.0,0.0
0028000942908,Nido yogu,nestle,Dairy & milk drinks,name/category keywords,,,,1.010101,5.050505,2.5252526,1.010101,0.1010101,2.020202,1.010101
34467466,nestte,nestle,Unclassified,none,,4,1,,,,,,,
9400556015496,,nestle,Unclassified,none,,,,,,,,,,
7630428720940,Ispirazione Italiana Venezia,nespresso,Coffee & creamers,brand (clear),,,,,,,,,,
4961352032438,Jambon engagé et bon,herta,Culinary & meals,brand (clear),,,,111.0,0.5,3.0,1.0,,20.0,0.5
9300605114234,Espresso Blend 43,nescafe,Coffee & creamers,brand (clear),,,,,,,,,,
7613033355219,,nestle,Unclassified,none,,,,,,,,,,
8901058905472,Kit kat,nestle,Chocolate & confectionery,name/category keywords,,,,445.0,35.1,25.5,23.0,0.0,6.3,
7613036683920,,nescafe,Coffee & creamers,brand (clear),,,,,,,,,,
7613036649667,,nestle,Unclassified,none,,,,,,,,,,
4902201179553,Salt Lemon,nestle,Unclassified,none,,,,543.10345,0.0,31.034483,0.0,0.10775862,3.6206896,0.0
8005200486526,טעם הפרסק,nestle,Unclassified,none,,,,,,,,,,
3800020492598,Lion pops,nestle,Unclassified,none,,,,,,,,,,
54483255,,nestle,Unclassified,none,,,,,,,,,,
7613033036965,,nestle,Unclassified,none,,,,,,,,,,
8961008215662,Nesfruita,nestle,Unclassified,none,,,,,,,,,,
8445290018496,,nestle,Unclassified,none,,,,,,,,,,
4800361000499,เนสท์เลย์โลด์อาหารเช้า,nestle,Unclassified,none,,,,,,,,,,
9400556014055,Gluten Free Chicken Gravy Mix,maggi,Culinary & meals,brand (clear),,,,358.0,8.0,6.0,4.0,10.5,8.0,
7630428731946,,nespresso,Coffee & creamers,brand (clear),,,,,,,,,,
7630311508228,Congo Organic,nespresso,Coffee & creamers,brand (clear),,,,,,,,,,
7613036584876,,nestle,Chocolate & confectionery,name/category keywords,,,,,,,,,,
9300605144774,Mint cookies and cream,nestle,Chocolate & confectionery,name/category keywords,E,4,4,531.2169,50.79365,29.62963,16.402117,0.23809525,6.878307,
7613035216532,Crema,nescafe,Coffee & creamers,brand (clear),,,0,,,,,,,
6151100038654,Golden Morn,nestle,Unclassified,none,,,,291.0,23.7,5.0,0.8,0.35,11.0,7.0
7613287101273,,nestle,Unclassified,none,,,,,,,,,,
9556001304995,Plantbased Sensational Burger,nestle,Unclassified,none,,,,44.694073,0.9,7.9,3.9,0.9,13.2,5.3
8593893730618,,nestle,Unclassified,none,,,,,,,,,,
9553401193990,Vanilla ice cream,nestle,Dairy & milk drinks,name/category keywords,,,,77.0,9.0,3.7,,,0.6,
9556001143990,Vanilla ice cream,nestle,Dairy & milk drinks,name/category keywords,,,,77.0,9.0,3.7,,,0.6,
0860006247997,La frutta strawberry,nestle,Unclassified,none,,,,41.666668,57.63889,0.0,0.0,,0.6944444,3.4722223
7613036364904,,nestle,Unclassified,none,,,,,,,,,,
0043900164816,Optifast,nestle,Health & clinical nutrition,name/category keywords,,,,367.8161,9.195402,8.045977,1.1494253,1.7241379,36.78161,6.8965516
0014954654394,Viennois - saveur vanille sur lit de caramel,nestle,Chocolate & confectionery,name/category keywords,,,,172.0,18.1,7.8,5.2,,3.0,
8000300278149,Sušenky baby,nestle,Infant & young child nutrition,name/category keywords,,,,,,,,,,
8445290159823,,nestle,Unclassified,none,,,,,,,,,,
0059800749664,Snack Size Assortment,nestle,Chocolate & confectionery,name/category keywords,,,,,,,,,,
4613456393358,Opkikker drinkbouillon Kip,maggi,Culinary & meals,brand (clear),C,4,0,6.0,0.3,0.0,0.0,0.76,0.2,0.0
0649480061035,sensational saucisse mexican style,garden-gourmet,Culinary & meals,brand (clear),,,,,,,,,,
5204739609588,Nirvana ice cream,nestle,Dairy & milk drinks,name/category keywords,E,4,4,269.0,28.0,14.0,8.6,0.21,2.6,0.6
0024450068946,Lindahls pro,nestle,Unclassified,none,,,,190.0,,2.4,,,30.0,
0059800745734,Assorted eggs,nestle,Unclassified,none,,,,,,,,,,
4902201429177,Nescafé excella,nescafe,Coffee & creamers,brand (clear),,,,,,,,,,
6111018907350,Nido,nestle,Dairy & milk drinks,name/category keywords,,,,498.0,40.1,26.1,17.3,0.6475,24.1,0.0
6290050403874,cereal,nesquik,Breakfast cereals,name/category keywords,,,,,,,,,,
7861091133243,Amor,nestle,Chocolate & confectionery,name/category keywords,C,,,140.0,9.0,7.0,3.0,0.07,2.0,
7630428726478,Fortado   Décaféiné,nespresso,Coffee & creamers,brand (clear),,,,,,,,,,
6221007028826,Brownie Icecream,nestle,Chocolate & confectionery,name/category keywords,,,,158.66667,,,,,1.4666667,
8445290478153,BEBA,nestle,Infant & young child nutrition,name/category keywords,,,,,,,,,,
78601017,Vaferito,nestle,Unclassified,none,,,,530.0,53.3,27.1,17.8,0.112,3.5,2.0
6111018907336,Nido,nestle,Dairy & milk drinks,name/category keywords,,,,,,,,,,
4902201180214,,nestle,Unclassified,none,,,,,,,,,,
8901058904697,maggi Masala Oats Noodles,nestle,Culinary & meals,name/category keywords,,,,337.0,23.0,11.5,8.8,1.986,9.8,5.0
8445290465993,,nestle,Unclassified,none,,,,,,,,,,
8850011053784,Mochi Boba,nestle,Unclassified,none,,,,220.0,25.0,4.8,2.4,,1.4,
7460123408306,Season-up for Fish,maggi,Culinary & meals,brand (clear),,,,264.0,0.0,6.0,0.0,,0.1,0.0
8606018612789,,nestle,Unclassified,none,,,,,,,,,,
4800361068161,,nestle,Unclassified,none,,,,,,,,,,
8445290412737,,nestle,Unclassified,none,,,0,536.0,53.0,31.0,19.0,0.45,9.4,1.6
7613287900234,,nestle,Unclassified,none,,,,,,,,,,
8445290409584,Joe noir bar,nestle,Chocolate & confectionery,name/category keywords,E,4,1,,33.7,35.4,17.1,0.52,7.8,1.2
6009188008352,,nestle,Unclassified,none,,,,,,,,,,
5900130037158,Salted caramel & Australian macadamia,nestle,Chocolate & confectionery,name/category keywords,E,,0,360.0,31.0,21.0,12.0,0.28,3.8,0.8
8445290194138,,nesquik,Dairy & milk drinks,brand (default),,,,,,,,,,
8445290366900,,nestle,Unclassified,none,,,,,,,,,,
2036897046423,Mocca,nescafe,Coffee & creamers,brand (clear),,4,0,242.0,39.03,0.9,0.25,0.18,4.26,18.6
4600680016726,,nestle,Unclassified,none,,,,,,,,,,
9300605142060,cheesy lasagne,maggi,Culinary & meals,brand (clear),,3,0,,,,,,,
9300605145290,milky bar w raspberry,nestle,Chocolate & confectionery,name/category keywords,E,4,4,518.5185,57.142857,28.571428,16.402117,0.18518518,6.3492064,
8992696424623,Milo cereal bag,milo,Dairy & milk drinks,brand (clear),,,0,,,,,,,
75004767,alimento para lactantes,gerber,Infant & young child nutrition,brand (clear),,,,,,,,,,
78041103,chiquitín nestle,nestle,Unclassified,none,,,,,,,,,,
7630428712211,Coffee,nespresso,Coffee & creamers,brand (clear),,,,,,,,,,
7613036927109,Espersso star bucs,nescafe,Coffee & creamers,brand (clear),,,,,,,,,,
5984047888485,Café Nespresso Stormio,nespresso,Coffee & creamers,brand (clear),,,,,,,,,,
9556001144058,Chocolate ice cream,nestle,Chocolate & confectionery,name/category keywords,,,,82.0,9.7,3.8,,,0.9,
7501058647047,Nido,nido,Dairy & milk drinks,name/category keywords,,,,,,,,,,
0506958611669,Lody Nirvana,nestle,Unclassified,none,E,4,7,278.0,28.0,15.0,11.0,0.23,2.9,0.6
7613034787958,Alfamino pediatric formula,nestle,Infant & young child nutrition,name/category keywords,,,,,,,,,,
8961008218687,Bunyad,nestle,Unclassified,none,,,,,,,,,,
0393464644188,Amaretto latte,nescafe,Coffee & creamers,brand (clear),,,,,,,,,,
0850678006510,Nestlé ice cream,nestle,Dairy & milk drinks,name/category keywords,,,,188.88889,21.11111,6.6666665,5.0,0.19444445,3.3333333,0.0
7613035258235,Consomé de pollo Maggi,maggi,Culinary & meals,brand (clear),,,,3.0,0.2,0.0,0.0,0.64,0.1,
0644490550531,Nespresso Ethiopia,nestle,Coffee & creamers,name/category keywords,,,,2.0,,,,,0.3,
9300605098190,Cocoa for Desserts & Drinks,nestle,Chocolate & confectionery,name/category keywords,,,,32.65306,0.1632653,0.8979592,0.53061223,,1.7959183,
9556001297129,Nescafé White Coffee Hazelnut,nescafe,Coffee & creamers,brand (clear),,,,,,,,,,
9556001263070,Nescafé Latte 3In1 Caramel,nescafe,Coffee & creamers,brand (clear),,,,,,,,,,
9556001298515,Nescafé Kopi-O,nescafe,Coffee & creamers,brand (clear),,,,,,,,,,
7613287778512,Nesquik drink,nesquik,Dairy & milk drinks,name/category keywords,,,,,,,,,,
8850125082717,เนสกาแฟ ริชอโรมา,nestle,Coffee & creamers,name/category keywords,E,4,8,471.0,41.2,11.8,11.8,0.809,5.88,0.0
8850125092921,เนสกาแฟ เอสเปรสโซโรสต์,nestle,Coffee & creamers,name/category keywords,E,4,7,443.0,44.3,9.49,9.49,0.712,6.33,0.0
8445290576798,,nestle,Unclassified,none,,,,,,,,,,
0043900225418,ThickenUp,nestle,Health & clinical nutrition,name/category keywords,,3,0,391.0,0.0,0.0,0.0,0.586,0.0,0.0
6151100038715,3 in 1 Energy food drink,milo,Dairy & milk drinks,brand (clear),,,,423.0,53.0,9.2,4.0,0.0,12.0,2.3
7613033182778,Fruits Fitness,nestle,Breakfast cereals,name/category keywords,D,,,366.0,24.8,2.8,1.8,0.71,7.7,6.9
8445290367327,,maggi,Culinary & meals,brand (clear),,,,,,,,,,
89006511,classic chocolate,nestle,Chocolate & confectionery,name/category keywords,,,,,,,,,,
7630477895897,Vertuo Toccanto,nespresso,Coffee & creamers,brand (clear),,,,,,,,,,
6009188001858,nan 3,nestle,Unclassified,none,,,,,,,,,,
7613035939400,nestum,nestle,Breakfast cereals,name/category keywords,,,,,,,,,,
8445290007384,Topiva kava,nestle,Coffee & creamers,name/category keywords,,1,0,,,,,,,
8606018612888,Сладолед с вкус на бисквити и какаов сироп,nestle,Unclassified,none,D,4,6,213.0,25.0,9.0,7.7,0.13,2.4,0.8
7613039622612,Nescafé decaf,nescafe,Coffee & creamers,brand (clear),,,,,,,,,,
50243204,Nescafé original,nescafe,Coffee & creamers,brand (clear),,,,,,,,,,
5000243800912,Dolce gusto almond macchiato,dolce-gusto,Coffee & creamers,brand (clear),,,,,,,,,,
7891000345399,Caldo de Verdudas,maggi,Culinary & meals,brand (clear),,,2,,,,,,,
8445290542250,KitKat,nestle,Chocolate & confectionery,name/category keywords,E,4,1,500.0,49.3,24.3,13.5,0.225,7.0,2.3
0542004209343,Ketchup & mayo,thomy,Culinary & meals,brand (clear),,,,401.0,12.1,36.8,3.7,,1.1,0.5
7702024065920,Crema de Leche,nestle,Dairy & milk drinks,name/category keywords,,,,,,,,,,
8445290541567,L'atelier,nestle,Chocolate & confectionery,name/category keywords,D,,,610.0,19.4,49.2,27.0,0.01,10.1,10.3
8593893725294,,nestle,Unclassified,none,,,0,,,,,,,
9400556016219,Maggi soup potato leek Aisles 4,maggi,Culinary & meals,brand (clear),,,,,,,,,,
9400556015380,Maggi cheesy fish pie herbs spices,maggi,Culinary & meals,brand (clear),,,,,,,,,,
9400556015465,Maggi lamb shanks,maggi,Culinary & meals,brand (clear),,,,,,,,,,
9556001091925,Milo Scoop Ice cream,nestle,Dairy & milk drinks,name/category keywords,,,,102.20341,10.095238,5.047619,0.0,,1.2380953,0.0
7891000277805,,nescafe,Coffee & creamers,brand (clear),,,,,,,,,,
0412160398482,ماكنتوش كياس,nestle,Unclassified,none,,,,,,,,,,
8445290422248,Princessa kokos mini,nestle,Unclassified,none,,,,,,,,,,
7501058642561,NAN 3 Crecimiento,nestle,Infant & young child nutrition,name/category keywords,,,,488.0,36.6,21.9,8.0,0.6,15.4,
0219261203482,Jalapeño Cheese Bagels,nestle,Unclassified,none,,,,,,,,,,
4074837130113,Three Cheese Tortellini,buitoni,Culinary & meals,brand (clear),,,,,,,,,,
7613287739926,Nescafé Classico,nestle,Coffee & creamers,name/category keywords,,,,,,,,,,
6009188001957,Lactogen,nestle,Infant & young child nutrition,name/category keywords,,,,,,,,,,
7290115208269,בייגלה fitness,nestle,Unclassified,none,,,,399.0,7.5,6.2,2.6,,10.9,6.6
8445290332271,,nestle,Unclassified,none,,,,,,,,,,
5900020034021,Fitness,nestle,Unclassified,none,,,,383.0,23.0,7.23,,,6.38,
5900020025647,فيتنيس,nestle,Unclassified,none,,,,,,,,,,
9556001294654,Cerelac HS daging sayur,nestle,Infant & young child nutrition,name/category keywords,,,0,,,,,,,
8992696520561,BATITA MADU BOX,nestle,Infant & young child nutrition,name/category keywords,,,0,,,,,,,
8992696521421,BATITA 1+ vanilla 850G,nestle,Infant & young child nutrition,name/category keywords,,,0,,,,,,,
7630428735760,Bianco doppio,nespresso,Coffee & creamers,brand (clear),,,,,,,,,,
7460123438501,Maggi season-up Fish,maggi,Culinary & meals,brand (clear),,,,,,,,,,
4800361406178,LACTOGEN,nestle,Infant & young child nutrition,name/category keywords,,,,,,,,,,
7630311550111,Indonesia,nespresso,Coffee & creamers,brand (clear),B,1,0,,,,,,,
0544000606904,La laitière Secret de mousse citron,nestle,Unclassified,none,,,,133.0,17.7,4.7,3.2,,3.7,0.1
8593893761742,Orient Dezert,nestle,Chocolate & confectionery,name/category keywords,E,,,518.0,54.0,29.0,15.0,0.13,5.3,2.8
0643430463146,"Fines tranches, poitrine fumée",herta,Culinary & meals,brand (clear),,,,286.0,0.5,24.0,9.4,,17.0,0.5
8901058905281,Masala Maggi noodles,maggi,Culinary & meals,brand (clear),,,,443.0,5.71,18.6,10.0,3.46,8.57,2.86
7630311594290,Cocoa Truffle,nespresso,Coffee & creamers,brand (clear),,,,,,,,,,
1901047324144,,nestle,Unclassified,none,,,,,,,,,,
99245504,Banana Cookies,gerber,Infant & young child nutrition,brand (clear),,,,388.8889,22.222221,11.111111,0.0,0.41666666,0.0,0.0
4902201181051,salt lemon,nestle,Unclassified,none,,,,,,,,,,
8585002437402,Paradajková polievka,maggi,Culinary & meals,brand (clear),,,,83.0,7.1,0.9,0.1,,1.6,1.0
03820041,,nestle,Unclassified,none,,,,,,,,,,
9556001206039,Maggi Perisa Asam Laksa,maggi,Culinary & meals,brand (clear),,,,,,,,,,
9556001280466,Spicy Prawn,maggi,Culinary & meals,brand (clear),,,,410.0,5.84,15.1,,3.74,9.78,
12757152,Soothe and chee teething sticks strawberry apple,gerber,Infant & young child nutrition,brand (clear),,,,333.33334,13.333333,0.0,0.0,0.33333334,0.0,
7630311590384,Intenso 230ml coffee,nespresso,Coffee & creamers,brand (clear),,,,,,,,,,
0551904487621,,nescau,Dairy & milk drinks,brand (default),,,,,,,,,,
09104358,Cafe de Olla,nescafe,Coffee & creamers,brand (clear),,,,300.0,40.0,0.0,0.0,0.0,0.0,
9300605147867,Burrito Bowls,maggi,Culinary & meals,brand (clear),,,,146.66667,10.666667,6.4,2.1333334,4.9666667,3.7333333,3.2
7773401007017,Wafer Limón,nestle,Chocolate & confectionery,name/category keywords,E,4,4,487.0,37.5,18.7,9.36,0.44,5.99,1.5
7613036070317,,nesquik,Dairy & milk drinks,brand (default),,,0,,,,,,,
8445290639974,Slatko kiseli umak,nestle,Culinary & meals,name/category keywords,E,4,0,127.0,27.0,0.0,0.0,2.6,0.5,0.7
8445290511027,leche Nido etapa +5,nestle,Dairy & milk drinks,name/category keywords,,,,,,,,,,
8445290625854,,nescafe,Coffee & creamers,brand (clear),,,,,,,,,,
0015000002961,Purees organic nd foods apple strawberry beet baby food,gerber,Infant & young child nutrition,brand (clear),,,,,,,,,,
7630428732622,Coffee,nespresso,Coffee & creamers,brand (clear),,,,,,,,,,
6033000087935,,nestle,Unclassified,none,,,,,,,,,,
0028000111656,Caldo de pollo con picante spicy chicken bouillon,maggi,Culinary & meals,brand (clear),,,,,,,,,,
7610900304158,,gerber,Infant & young child nutrition,brand (clear),,,,,,,,,,
8901058001167,Pichkoo,maggi,Culinary & meals,brand (clear),,,,,,,,,,
9300605143807,Nescafe mocha,nescafe,Coffee & creamers,brand (clear),,,,54.5,6.41,1.77,1.59,0.0511,0.227,
4063367130823,Cafea capsule Cappuccino,nescafe,Coffee & creamers,brand (clear),B,4,0,,,,,,,
7290111656446,Cotoletta sottile di soia e frumento,garden-gourmet,Culinary & meals,brand (clear),,,,219.0,1.3,10.6,0.8,,15.3,3.7
0798716062305,Nutren 2.0,nestle,Health & clinical nutrition,name/category keywords,,4,3,200.0,0.0,9.2,0.0,0.375,8.4,0.0
6221007036777,Chicken stock powder,maggi,Culinary & meals,brand (clear),,,,,,,,,,
8901058890006,Pazzta cheese macaroni,maggi,Culinary & meals,brand (clear),,,,317.0,7.2,3.0,2.9,1.81525,9.9,2.6
4902201180993,キットカットミニアイスクリーム,nestle,Unclassified,none,,4,1,64.0,,3.6,,,0.42,
8445290785428,,milo,Dairy & milk drinks,brand (clear),,,,,,,,,,
0656483002354,,maggi,Culinary & meals,brand (clear),,,,,,,,,,
7630311549719,India Master Origins Coffee Capsules,nespresso,Coffee & creamers,brand (clear),,,,,,,,,,
0465304397001,Kirk at céréales,nestle,Breakfast cereals,name/category keywords,,,,423.0,24.7,10.9,4.7,,7.8,6.3
4901069901153,nestlelactogen formula 1,nestle,Infant & young child nutrition,name/category keywords,,,,,,,,,,
7861001248227,Ricacao,nestle,Unclassified,none,,2,,,,,,,,
0646044514679,Chocolat au lait fitness,nestle,Chocolate & confectionery,name/category keywords,,,,397.0,19.1,7.0,4.0,,8.6,6.8
7773401006850,Wafer sabor Chocolate,nestle,Chocolate & confectionery,name/category keywords,E,4,2,496.0,39.3,21.4,11.1,0.42,5.71,3.57
4930393630125,Le bon paris,herta,Culinary & meals,brand (clear),,,,113.0,,2.4,1.0,,22.0,
7506475106689,Nescafé Taster's Choice Macadamia,nescafe,Coffee & creamers,brand (clear),,,,,,,,,,
0643190005198,Yaos Figues,nestle,Unclassified,none,,,,134.0,13.3,6.8,3.9,,4.0,0.3
9300605152496,Caramel Choc Mocha,nescafe,Coffee & creamers,brand (clear),,,,347.05884,53.529415,5.882353,5.882353,,5.882353,
7613035070837,Ruošinys MAGGI IDEA makaronams su vištiena 4 sūrių,maggi,Culinary & meals,brand (clear),,,,,,,,,,
0025090030843,La Laitière,nestle,Unclassified,none,,,,95.2,13.12,3.04,2.0,,3.04,
0120340000017,Le bon Paris à la broche,herta,Culinary & meals,brand (clear),,,,113.0,0.4,2.4,1.0,,22.0,0.4
0643635892598,Pavé Gourmand,garden-gourmet,Culinary & meals,brand (clear),,,,232.22223,1.7777778,12.222222,3.3333333,,11.0,3.6666665
7613287480774,kečup jemný,thomy,Culinary & meals,brand (clear),D,,,110.0,23.0,0.5,0.1,2.4,1.9,1.0
9300605100336,Choc bits milk chocolate,nestle,Chocolate & confectionery,name/category keywords,,,,535.0,54.3,31.3,18.9,,8.1,
6294017114964,Magi,maggi,Culinary & meals,brand (clear),,,,,,,,,,
8593893786516,Aero Dark & Milk Peppermint Chocolate Sharing Bar,nestle,Chocolate & confectionery,name/category keywords,,,,607.0039,47.470818,39.688717,23.346304,,8.560311,7.782101
8901058890716,Nestle Optifast,nestle,Health & clinical nutrition,name/category keywords,,,,400.0,,12.0,,,38.0,6.0
7630428717698,Freddo Delicato Coffee Capsules,nespresso,Coffee & creamers,brand (clear),,,0,,,,,,,
7613036639729,,dolce-gusto,Coffee & creamers,brand (clear),,,,,,,,,,
7630428722517,cape town lungo,nespresso,Coffee & creamers,brand (clear),B,1,0,,,,,,,
8901058905441,Maggi 2-minute noodles Special Masala,nestle,Culinary & meals,name/category keywords,,4,7,393.0,2.3,13.1,7.7,2.34825,9.6,2.3
7506475110235,,nestle,Unclassified,none,,,,,,,,,,
7630477880831,,nescafe,Coffee & creamers,brand (clear),,,,,,,,,,
8901058904987,Maggi Pichku,maggi,Culinary & meals,brand (clear),,,,,,,,,,
8445290461162,,nestle,Unclassified,none,,4,0,,,,,,,
6294017119099,Chicken Noodle soup,maggi,Culinary & meals,brand (clear),,,0,,,,,,,
2825000072998,"Cenoura, Laranja e Mel",nestle,Unclassified,none,,,,,,,,,,
7501058629753,Decaf,nescafe,Coffee & creamers,brand (clear),,,,,,,,,,
8445290746535,Yoghurt,nestle,Dairy & milk drinks,name/category keywords,,,,,,,,,,
89008478,Milkybar,nestle,Chocolate & confectionery,name/category keywords,,,,,,,,,,
7630047687624,Bianco Delicato Kaffee,nespresso,Coffee & creamers,brand (clear),,,,,,,,,,
8850011077209,NESCAFE GOLD CAPPUCCINO ICE CREAM,nestle,Coffee & creamers,name/category keywords,E,4,1,317.0,26.7,21.7,10.0,0.104,3.33,0.0
7613287142177,,nestle,Unclassified,none,,,,,,,,,,
4902201415507,Dolce gusto roast blend,nescafe,Coffee & creamers,brand (clear),,,,,,,,,,
54070325,,nestle,Unclassified,none,,,,,,,,,,
8901058901689,Lactogen 1,nestle,Infant & young child nutrition,name/category keywords,,4,1,487.0,44.0,23.0,13.0,0.2475,10.7,
0475660348791,Kitkat céréales,nestle,Breakfast cereals,name/category keywords,,,,420.0,24.7,10.9,4.7,,7.8,6.3
0005010620002,Viennois mousse chocolat,nestle,Chocolate & confectionery,name/category keywords,,,,196.0,16.9,11.6,7.7,,3.9,
0065669060000,Citron cheesecake,nestle,Unclassified,none,,,,58.75,3.75,0.1875,0.125,,10.0,
0941038897487,nan pro formula milk nestle,nestle,Infant & young child nutrition,name/category keywords,,4,5,492.0,44.0,23.7,13.0,0.099,10.7,
7613287162281,Kapsules dolce gusto,nestle,Coffee & creamers,name/category keywords,,,0,,,,,,,
10050000350107,CM Original Creamer (Singles),coffee-mate,Coffee & creamers,brand (clear),,,,,,,,,,
3387390300314,Nesquik,nesquik,Breakfast cereals,name/category keywords,,,,,,,,,,
7501059277441,Latcogen 1,nestle,Unclassified,none,,,,,,,,,,
5900020001368,Nesquik dribsniai,nesquik,Breakfast cereals,name/category keywords,,,,,,,,,,
9300605114289,Mild Roast Instant Coffee,nescafe,Coffee & creamers,brand (clear),,,,4.0,,,,,,
4901059046345,Kitkat Butterscotch Flavour,nestle,Chocolate & confectionery,name/category keywords,E,4,4,446.0,35.6,25.8,25.5,0.1161,7.2,
00847070,Lindahls pro stracciatella,nestle,Unclassified,none,,,,63.0,3.8,0.6,0.4,,10.1,
7891000337233,Fitness sin azúcares añadidos,nestle,Breakfast cereals,name/category keywords,A,4,3,310.0,1.33,2.0,0.4,0.675,10.7,12.7
7506390202466,paleta helada mini mega,nestle,Unclassified,none,,,,,,,,,,
8585002426246,Dobrý hostinec Cesnak a syr,maggi,Culinary & meals,brand (clear),D,,,275.0,5.1,3.5,1.8,2.15,10.5,2.5
1054064541350,Zero sugar chocolate caramel,coffee-mate,Coffee & creamers,brand (clear),,,,100.0,,6.6666665,,,,
8850127002300,ไมโล,nestle,Unclassified,none,,,,,,,,,,
3858890179668,,nestle,Unclassified,none,,,,,,,,,,
4406529644002,,dolce-gusto,Coffee & creamers,brand (clear),,,,,,,,,,
8850127008777,CoffeeMate,nestle,Unclassified,none,,,,500.0,,,,,,1.0
0050000743940,Breakfast essentials,nestle,Dairy & milk drinks,name/category keywords,,,,101.30802,,1.6877637,,,4.2194095,
7630311592128,Pumpkin spice cake,nespresso,Coffee & creamers,brand (clear),,,,,,,,,,
9300605153523,nestle milky bar,nestle,Unclassified,none,,,0,537.0,49.4,30.9,18.0,0.267,7.3,
7613031625758,,maggi,Culinary & meals,brand (clear),,,,,,,,,,
7891000605349,nutren control,nestle,Health & clinical nutrition,name/category keywords,,,,,,,,,,
8901058902938,Nescafe Sunrise,nestle,Coffee & creamers,name/category keywords,,,,,,,,,,
8593893783966,"Šok. sald. rink. NESTLÉ AFTER EIGHT, 199 g",nestle,Chocolate & confectionery,name/category keywords,,,,,,,,,,
8901058000702,Munch,nestle,Chocolate & confectionery,name/category keywords,E,4,3,435.0,32.9,23.4,23.1,0.22325,6.0,0.0
7702024015901,base de pollo con champiñones,maggi,Culinary & meals,brand (clear),,,,,,,,,,
7630311550593,Ethiopia,nespresso,Coffee & creamers,brand (clear),B,1,0,,,,,,,
7098158232032,Thomynaise,thomy,Culinary & meals,brand (clear),,,,306.0,0.7,31.5,2.6,,0.7,0.1
8445290606990,,nestle,Chocolate & confectionery,name/category keywords,,,,,,,,,,
4800361300193,Honey Stars,nestle,Breakfast cereals,name/category keywords,,4,2,,,,,,,
8445290769206,Nescafe 3in1 frappe,nestle,Coffee & creamers,name/category keywords,,,,,,,,,,
8901058903812,Maggi Rich Tomato Ketchup Pichkoo,maggi,Culinary & meals,brand (clear),C,4,3,121.0,0.0,0.0,0.0,0.7769,0.9,0.0
0055000207607,coffee crisp coffee mate,coffee-mate,Coffee & creamers,brand (clear),,4,6,233.0,33.3,10.0,1.33,0.25,0.667,0.0
6001068639304,NESTUM,nestle,Infant & young child nutrition,name/category keywords,,,0,375.478,10.0,2.6,0.8,0.5725,5.0,0.6
7613287572455,,nestle,Unclassified,none,,,,,,,,,,
8445290674975,Nido semidescremada,nido,Dairy & milk drinks,name/category keywords,,,,,,,,,,
8000300419115,nestle,nestle,Chocolate & confectionery,name/category keywords,,4,2,507.0,49.9,25.0,15.0,,7.0,2.4
8445290332295,leche,nido,Dairy & milk drinks,name/category keywords,,,,,,,,,,
0743435898346,Chocolat noir,nestle,Chocolate & confectionery,name/category keywords,,,,555.2,,37.6,22.4,,8.4,34.4
8585002421197,Zapečené kuře smetana žampiony,maggi,Culinary & meals,brand (clear),,,,,,,,,,
7630751756449,Frosted caramel nuts vertuo,nespresso,Coffee & creamers,brand (clear),,,,,,,,,,
4687776000050,Real milk and cream creamer,coffee-mate,Coffee & creamers,brand (clear),,,,35.0,5.0,1.5,1.0,,,
8445290271112,,nestle,Unclassified,none,,,,,,,,,,
8000300401516,,nestle,Unclassified,none,,,,,,,,,,
8445290589101,Lion - Brownie Style,nestle,Chocolate & confectionery,name/category keywords,,,,483.0,50.7,21.5,11.8,1.525,4.8,
8585002433749,Fusian taste of Thai curry,maggi,Culinary & meals,brand (clear),,,,,,,,,,
44128826,Chicken and roasted garlic tortellini,buitoni,Culinary & meals,brand (clear),,,,270.0,1.0,7.0,2.5,,11.0,2.0
0643430756460,FOND DE VEAU,maggi,Culinary & meals,brand (clear),,,,319.0,13.6,2.5,0.5,,8.4,1.0
4600680028842,Молочный шоколад с молочной начинкой со вкусом мороженого и с какао-печеньем,nestle,Chocolate & confectionery,name/category keywords,,4,4,542.0,,31.0,,,5.5,
8585002465283,,nestle,Unclassified,none,,,,,,,,,,
7630311558759,Peru organic,nescafe,Coffee & creamers,brand (clear),,,,,,,,,,
8445290896469,Vegan filet,garden-gourmet,Culinary & meals,brand (clear),B,4,0,226.0,1.3,12.4,0.9,1.04,13.2,2.5
8850127007176,เนสที ชามะนาว,nestle,Beverages,name/category keywords,E,,2,385.0,76.9,0.0,0.0,0.385,0.0,
0693935909748,mustard mild,thomy,Culinary & meals,brand (clear),,,,,,,,,,
7861091148865,Nestlé Galleta dulce sabor a naranja,nestle,Chocolate & confectionery,name/category keywords,D,4,4,,23.1,7.69,3.85,0.673,7.69,0.0
44219802,Poule vermicelles,maggi,Culinary & meals,brand (clear),,,,51.0,1.1,0.6,0.3,,2.0,0.5
8901058905212,,maggi,Culinary & meals,brand (clear),,,,,,,,,,
8585002442758,Hríbiková polievka,maggi,Culinary & meals,brand (clear),,,,44.5,1.35,2.6,0.2,,0.9,0.25
7613035184428,Walnut whip,nestle,Chocolate & confectionery,name/category keywords,,,,,,,,,,
9736936609390,Lindahls,nestle,Unclassified,none,,,,72.666664,,0.13333334,,,10.266666,
6294017118993,Maggi cream of mushroom soup,maggi,Culinary & meals,brand (clear),,,,,,,,,,
5335076016873,La panée Soja et Blé,garden-gourmet,Culinary & meals,brand (clear),,,,234.44444,1.4444444,11.666667,0.8888889,,12.222222,5.222222
8445290551917,Kitkat caramel flavour,nestle,Chocolate & confectionery,name/category keywords,E,,,500.0,49.3,24.3,13.5,0.22,7.0,2.3
7861001236101,Mostaza,maggi,Culinary & meals,brand (clear),,,,,,,,,,
44260762,Sensational burger,garden-gourmet,Culinary & meals,brand (clear),,,,197.0,1.0,13.5,3.9,,14.0,5.9
3911811702410,Aero Chocolate,nestle,Chocolate & confectionery,name/category keywords,,4,1,536.0,55.0,31.2,18.6,,,1.9
0028000239633,,nestle,Coffee & creamers,name/category keywords,,,,,,,,,,
4800361367493,NAN 3,nestle,Unclassified,none,,,0,,,,,,,
44105424,,maggi,Culinary & meals,brand (clear),,,0,,,,,,,
9790376849822,Cranberries Amandes,nestle,Unclassified,none,,,,91.0,6.6,5.8,2.5,,1.5,1.5
8715000029938,Πουρές Πατάτας Maggi,maggi,Culinary & meals,brand (clear),A,4,0,348.0,3.5,0.8,0.6,0.06,7.4,7.7
0464690069042,Lindahls pro+,nestle,Unclassified,none,,,,59.375,3.75,0.1875,0.125,,10.0,
6171100031677,,nestle,Unclassified,none,,,,,,,,,,
9300605152502,Dark Choc Mocha,nescafe,Coffee & creamers,brand (clear),,,,351.0,50.6,0.0,0.0,1.35,0.0,
0643439202166,Thé Marrakech,dolce-gusto,Coffee & creamers,brand (clear),,,,13.0,3.3,,,,,
4676493313345,Lion,nestle,Unclassified,none,,,,488.1,53.1,21.9,11.9,,5.0,1.2
0050000281770,Coffee mate pink creamer,nestle,Coffee & creamers,name/category keywords,,,,233.0,33.3,10.0,0.0,0.0833,0.0,
0089000498871,"Nestle Polo - The Mint With The Hole, 12g Pouch",nestle,Chocolate & confectionery,name/category keywords,E,4,1,395.0,90.2,0.0,0.0,0.0,0.0,0.0
4713493278608,Saucy Noodles - Sweet Chili,maggi,Culinary & meals,brand (clear),,,,468.0,11.466667,19.199999,1.4666667,,8.8,2.6666667
0050000992348,"Carnation, coffee creamer",nestle,Coffee & creamers,name/category keywords,,,,100.0,,6.6666665,,,,
7891000383063,Pipoquinha,nestle,Unclassified,none,,,,,,,,,,
7613287139993,,maggi,Culinary & meals,brand (clear),,,,,,,,,,
6009128001979,Lait en poudre Nido,nestle,Dairy & milk drinks,name/category keywords,,,,,,,,,,
7891000251492,Caldo Sabor Bacon,maggi,Culinary & meals,brand (clear),,,,,,,,,,
7613287587138,Svelty extra calcio,nestle,Dairy & milk drinks,name/category keywords,,,,,,,,,,
9300605140622,Plant-based Kit Kat,nestle,Chocolate & confectionery,name/category keywords,,,,513.86,34.3,29.3,18.2,,2.7,
0050354631498,Crunch chocolate Bar,nestle,Chocolate & confectionery,name/category keywords,,,,515.1515,51.515152,27.272728,15.151515,,6.060606,3.030303
6001068370108,Nestle Milco,milo,Dairy & milk drinks,brand (clear),,,0,,,,,,,
8850125091641,กาแฟสำเร็จรูป,nescafe,Coffee & creamers,brand (clear),E,4,4,492.0,8.2,28.7,24.6,1.64,8.2,0.0
0028000855697,,nescafe,Coffee & creamers,brand (clear),,,,,,,,,,
0644040393007,Nestlé Longa Vida,nestle,Unclassified,none,,,,74.0,11.4,1.9,1.3,,2.9,
6009188007492,Maggi: 2 Minutes Noodles,nestle,Culinary & meals,name/category keywords,,4,4,,2.0,15.2,6.4,2.0,10.2,3.0
7673035689088,Spätzle in Champignon-Sauce,maggi,Culinary & meals,brand (clear),,,,,,,,,,
5001461375800,Hot Chocolate,nestle,Chocolate & confectionery,name/category keywords,,4,0,,66.7,11.5,6.6,1.3375,10.1,4.0
7891000361375,Cookie Cream Avelã,nestle,Chocolate & confectionery,name/category keywords,,,,,,,,,,
7891000381588,Choco Cookies,nestle,Chocolate & confectionery,name/category keywords,,,,,,,,,,
2554843060892,Sabor Limão Siciliano,nestle,Unclassified,none,,,,,,,,,,
8445290698797,Chandelle suspiro limon,nestle,Unclassified,none,,,,,,,,,,
8445290716002,Chandelle chocolate naranja,nestle,Chocolate & confectionery,name/category keywords,,,,,,,,,,
5011546455433,Nescafe Cappuccino,nestle,Coffee & creamers,name/category keywords,,4,7,,,,,,,
7613036467261,Pack batido berries,nestle,Unclassified,none,,,,,,,,,,
7613287427144,Goodnes Natural,nestle,Unclassified,none,,,,,,,,,,
0025669074698,Lindahls Pro + Stracciatella,nestle,Unclassified,none,,,,63.125,3.75,0.5625,0.375,,10.0625,
6222020803766,كرنفاليتا تويست,nestle,Unclassified,none,,,,230.0,28.0,10.0,7.6,0.19,3.2,1.0
8445290367372,,nestle,Breakfast cereals,name/category keywords,,,,,,,,,,
0649390028135,Honey star,nestle,Breakfast cereals,name/category keywords,,,,,,,,,,
8850124022981,กาแฟสำเร็จรูป ยี่ห้อเนสกาแฟ,nescafe,Coffee & creamers,brand (clear),B,,0,,,,,,,
1648331419369,Gold honey and berries,nestle,Unclassified,none,,,,,,,,,,
4800361334365,Fruits fitnesse,nestle,Unclassified,none,,,,,,,,,,
4800361333337,Original fitnesse,nestle,Unclassified,none,,,,,,,,,,
4800361425001,Trix,nestle,Breakfast cereals,name/category keywords,,,,387.0,26.9,3.5,1.0,0.075,5.3,5.8
4800361363365,Fitnesse honey almond,nestle,Unclassified,none,,,,,,,,,,
4800361346429,Koko krunch duo,nestle,Unclassified,none,,,,,,,,,,
0643084077614,Magic Asia Saucy Noodles,maggi,Culinary & meals,brand (clear),,,,484.0,3.5,22.8,3.9,,8.8,2.2
7613287173386,grains and milk,nestle,Breakfast cereals,name/category keywords,,,,,,,,,,
8901058904192,Sunrise,nestle,Coffee & creamers,name/category keywords,B,1,0,,,,,,,
0646464860035,Kub or -25%,maggi,Culinary & meals,brand (clear),,,,217.0,12.6,9.4,5.2,,6.2,0.5
0633352238533,Mayonnaise,thomy,Culinary & meals,brand (clear),,,,,,,,,,
9300605153530,Milky bar Milo,nestle,Dairy & milk drinks,name/category keywords,,,,560.0,49.6,31.0,18.0,,7.3,
0544160024570,,nestle,Unclassified,none,,,,,,,,,,
6161109310927,Nido,nestle,Dairy & milk drinks,name/category keywords,,,,490.0,46.0,26.0,13.1,,18.0,
8585002426642,Zapečené těstoviny s kuřecím masem,maggi,Culinary & meals,brand (clear),,,,,,,,,,
0740000497256,Zero sugar French vanilla,nestle,Unclassified,none,,,,15.0,,1.0,,,,
0055444008815,Nescafé,nescafe,Coffee & creamers,brand (clear),,,,2.0,,,,,0.2,1.0
8850011054316,Extreme Nana vanilla,nestle,Unclassified,none,,,,307.69232,20.0,23.076923,10.769231,,4.6153846,
8445290626370,,nestle,Coffee & creamers,name/category keywords,,,,,,,,,,
4800361423564,All Purpose Cream,nestle,Dairy & milk drinks,name/category keywords,,,,,,,,,,
7613036609104,Romige kaassaus,maggi,Culinary & meals,brand (clear),C,4,1,71.0,1.1,4.8,3.0,1.05,2.4,0.2
9556001233943,,nestle,Infant & young child nutrition,name/category keywords,,,,,,,,,,
8901058000597,Rich Tomato Sauce No Onion No Garlic,maggi,Culinary & meals,brand (clear),D,4,3,121.0,27.0,0.0,0.0,2.08375,0.6,
8445290632036,Aero intense orange,nestle,Chocolate & confectionery,name/category keywords,,,,,,,,,,
0050000279623,Eggo waffles with maple syrup creamer,coffee-mate,Coffee & creamers,brand (clear),,,,233.0,33.3,10.0,0.0,0.0833,0.0,0.0
4673447960549,Quick. Lunch USA,maggi,Culinary & meals,brand (clear),,,,107.0,1.4,3.8,2.4,,4.0,0.8
0041056003003,Masala Magic,maggi,Culinary & meals,brand (clear),,,,,,,,,,
7613033761294,Chicken bouillon mini cubes,maggi,Culinary & meals,brand (clear),,,,,,,,,,
7613287393241,Tomato chicken small cubes,maggi,Culinary & meals,brand (clear),,,,,,,,,,
0071921243609,DIGIORNO Frozen Detroit Style Crust Four Cheese Pizza,nestle,Culinary & meals,name/category keywords,D,4,0,264.0,2.7,14.2,5.41,0.997,11.5,0.676
89020708,Maggi rich tomato sauce,maggi,Culinary & meals,brand (clear),,4,5,,,,,,,
8901058004700,Nescafe classic Coffee,nescafe,Coffee & creamers,brand (clear),,,,,,,,,,
0028000588618,Mini Semi Sweet Chocolate Chips,nestle,Chocolate & confectionery,name/category keywords,,,,70.0,,4.0,2.5,,,
7613287488367,Cafe,dolce-gusto,Coffee & creamers,brand (clear),,,,,,,,,,
8445290091598,Buondi cafe intenso,dolce-gusto,Coffee & creamers,brand (clear),,,,,,,,,,
4673017530158,Thomynaise,thomy,Culinary & meals,brand (clear),,,,306.0,0.7,31.5,2.6,,0.7,0.1
7506475101172,cereal seco para lactantes,gerber,Infant & young child nutrition,brand (clear),,,,,,,,,,
8901058904321,Classic Black Roast,nescafe,Coffee & creamers,brand (clear),B,1,0,,,,,,,
7613287385314,Горчица,maggi,Culinary & meals,brand (clear),D,3,0,107.0,2.0,6.0,0.2,3.5,5.1,3.1
0030000181393,KitKat Milk Tea Mini,nestle,Chocolate & confectionery,name/category keywords,,,,63.0,6.0,3.6,2.3,,0.44,0.095
6221007038030,خلطة حواوشي ماجي 35جم,maggi,Culinary & meals,brand (clear),,,,,,,,,,
6221007040309,خلطة البانية ماجي 35جم,maggi,Culinary & meals,brand (clear),,,,,,,,,,
8445290678553,Dolce gusto Espresso milano,nescafe,Coffee & creamers,brand (clear),,,,,,,,,,
8445290351845,Dolce gusto Espresso Decaffeinato,nescafe,Coffee & creamers,brand (clear),,,,,,,,,,
1023796013336,Lindahls Kvarg,nestle,Unclassified,none,,,,89.0,4.8,0.9,0.3,,15.0,
9556001132048,Cerelac Infant Cereals from 6 months up to 2 years,nestle,Breakfast cereals,name/category keywords,,,,,,,,,,
8901058904338,Nescafe Classic,nescafe,Coffee & creamers,brand (clear),,,,,,,,,,
4005500030287,Banana,nestle,Infant & young child nutrition,name/category keywords,,,,,,,,,,
7460123448814,,coffee-mate,Coffee & creamers,brand (clear),,,,,,,,,,
4902201431491,Instant milk tea,nestle,Dairy & milk drinks,name/category keywords,,,,640.0,,42.0,,,6.8,
8901058009231,,maggi,Culinary & meals,brand (clear),,,,,,,,,,
1023896048924,Pro pudding sabor chocolate,nestle,Chocolate & confectionery,name/category keywords,,,,76.0,5.0,0.4,0.3,,10.0,0.7
0640401060700,Chocolat noir,nestle,Chocolate & confectionery,name/category keywords,,,,548.0,46.4,34.1,20.2,,6.0,7.3
8445290691774,Groentenbouillon,maggi,Culinary & meals,brand (clear),,,,,,,,,,
7630428717971,,nespresso,Coffee & creamers,brand (clear),,,,,,,,,,
05978538,Mirage,nestle,Unclassified,none,,,,210.0,24.0,11.0,7.0,,2.0,1.0
9556001277374,,milo,Dairy & milk drinks,brand (clear),,,,,,,,,,
8888082156462,,milo,Dairy & milk drinks,brand (clear),,,,,,,,,,
0804410415009,Kitkat chunky peanut butter,nestle,Chocolate & confectionery,name/category keywords,,,,,,,,,,
96200384,Kitkat,nestle,Chocolate & confectionery,name/category keywords,,,,,,,,,,
0028000619121,Eggo Maple Waffle Flavored Milk,nestle,Dairy & milk drinks,name/category keywords,,,,60.4,9.42,1.09,0.725,0.115,3.38,0.242
7613037801958,Naturnes Stroganoff Biff 1-3år,nestle,Infant & young child nutrition,name/category keywords,,,0,,,,,,,
7613037802092,Spaghetti Bolognese 1-3år 220g Nestle,nestle,Unclassified,none,,,0,,,,,,,
3023290065303,Mousse Caramel,nestle,Chocolate & confectionery,name/category keywords,,4,7,,,,,,,
8690632710433,Mini keyifler,nestle,Unclassified,none,,,,,,,,,,
7506475116046,Coffee,nescafe,Coffee & creamers,brand (clear),,,,,,,,,,
8850124006011,ครีมเทียม คอฟฟีเมต,nestle,Unclassified,none,A,4,3,15.0,0.0,1.0,1.0,0.025,0.0,0.0
7891000295304,,nestle,Unclassified,none,,,,,,,,,,
8901058008234,Chicken Noodles,maggi,Culinary & meals,brand (clear),,4,3,402.0,1.1,11.8,7.6,1.0,0.0,0.0
0025990076361,Kefir 0%,nestle,Unclassified,none,,,,34.0,4.3,0.1,0.1,,3.5,
7630428721367,World Explorations Tokyo Lungo,nespresso,Coffee & creamers,brand (clear),B,,,3.66,0.0,0.0,0.0,0.0,0.0,0.0
7630428722531,World Explorations Stockholm Lungo,nespresso,Coffee & creamers,brand (clear),,,,,,,,,,
8690632709789,1927 Wafer With Hazelnut Cream,nestle,Chocolate & confectionery,name/category keywords,,,,493.0,42.9,22.9,14.3,0.42,7.14,1.43
7613033644962,Пюре «ніжна індичка»,gerber,Infant & young child nutrition,brand (clear),,,,72.0,0.1,1.6,0.5,0.0975,10.5,0.0
8690632709772,1927 Intense Bitter Taste Dark Chocolate Wafers,nestle,Chocolate & confectionery,name/category keywords,,,,514.0,42.9,27.5,15.7,0.25,5.36,4.64
4800361426428,bear brand fortified,nestle,Dairy & milk drinks,name/category keywords,,,,464.0,33.0,20.0,8.18,,15.2,0.0
8445290641199,Lihapulla mix,maggi,Culinary & meals,brand (clear),,,,328.0,6.3,2.2,0.5,9.3,15.2,5.0
6221007038061,Koftet El7ati mix,maggi,Culinary & meals,brand (clear),,,,283.0,6.2,2.1,,,9.1,3.3
8445290529626,Пюре Gerber,gerber,Infant & young child nutrition,brand (clear),,,,,,,,,,
8445290529398,Пюре Gerber,gerber,Infant & young child nutrition,brand (clear),,,,,,,,,,
8445290529657,Пюре Гербер,gerber,Infant & young child nutrition,brand (clear),,,,,,,,,,
8445290529718,Пюре Gerber,gerber,Infant & young child nutrition,brand (clear),,,,,,,,,,
0643434607300,Chocapic,nestle,Breakfast cereals,name/category keywords,,,,388.0,22.4,4.8,2.0,,8.8,7.5
6294017114216,Maggi egg seasoning,maggi,Culinary & meals,brand (clear),,,,,,,,,,
8850125010376,"ซอสสามเกลอ (กระเทียม,พริกไทย,ผักชี) อีซี่คุ๊ก",maggi,Culinary & meals,brand (clear),C,4,5,147.0,17.6,0.0,0.0,0.0,5.88,
8901058004175,,maggi,Culinary & meals,brand (clear),,,,,,,,,,
8585002461414,,maggi,Culinary & meals,brand (clear),,,,,,,,,,
89080030,,nescafe,Coffee & creamers,brand (clear),,,,,,,,,,
0043900685397,Vanilla Shake Mix,nestle,Beverages,name/category keywords,,,,368.0,9.2,8.05,1.15,1.72,36.8,6.9
6001068687800,Nan Opti-pro Starter Infant Formula,nestle,Infant & young child nutrition,name/category keywords,,,,,,,,,,
6001068582402,NAN Opti-pro,nestle,Infant & young child nutrition,name/category keywords,,,,,,,,,,
0043900216997,HP Chocolate High Protein Shake Mix,nestle,Chocolate & confectionery,name/category keywords,,,,402.0,14.1,12.1,3.02,2.52,52.3,0.0
0643299008496,Yaos,nestle,Unclassified,none,,,,89.0,8.0,0.1,0.1,,12.0,
0055444201568,Mini ice cream sandwiches,nestle,Dairy & milk drinks,name/category keywords,,,,142.85715,12.698413,3.1746032,2.3809524,,3.1746032,
7593825780576,Nuts Strawberry Taste,nestle,Unclassified,none,,,,484.0,54.0,24.0,10.0,,5.0,1.6
8445290439727,Kit kat,nestle,Chocolate & confectionery,name/category keywords,,,,,,,,,,
9556001302922,Milo,nestle,Dairy & milk drinks,name/category keywords,,,,394.0,30.0,9.09,,0.375,12.1,
0743935269455,Nesquik,nestle,Dairy & milk drinks,name/category keywords,,,,386.0,75.1,3.6,1.6,,5.1,7.7
0643435909533,Marrakech tea,nescafe,Coffee & creamers,brand (clear),,,,20.0,4.9,,,,,
8901058012415,Munch max,nestle,Chocolate & confectionery,name/category keywords,,,,,32.2,22.8,22.4,,5.7,
12050673,Nescafe Chilled Latte,nescafe,Coffee & creamers,brand (clear),,,,73.0,10.5,2.3,1.5,,2.6,
9300605154544,Mexican Plant Based Mince,maggi,Culinary & meals,brand (clear),,,,354.0,5.6,4.0,4.0,2.5,47.6,
5300647150706,Aero Orange,nestle,Chocolate & confectionery,name/category keywords,,,,542.0,60.0,31.3,18.0,0.167,0.0,
04998129,Smarties,nestle,Chocolate & confectionery,name/category keywords,,,,471.0,60.1,18.7,11.3,,5.4,1.9
9556001312853,Mug curry,maggi,Culinary & meals,brand (clear),,,,,,,,,,
4902201432689,NESCAFE Gold  Blend,nescafe,Coffee & creamers,brand (clear),,,,,,,,,,
6294017118573,minis 35pc,nestle,Unclassified,none,,,,,,,,,,
8901058870008,Koko crunch,nestle,Chocolate & confectionery,name/category keywords,,,,,,,,,,
0055000490931,Maggi,nestle,Culinary & meals,name/category keywords,,,,429.0,4.29,15.7,7.14,2.89,8.57,
7290106576957,שוקו וניל פליק,nestle,Unclassified,none,,,,230.0,22.6,12.4,11.2,,1.0,
4617166008656,Greek joghurt,nestle,Unclassified,none,,,,108.0,3.7,7.5,4.4,,4.8,
8886472106196,NAN Optipro 2,nestle,Infant & young child nutrition,name/category keywords,,4,3,483.0,,21.2,,0.7125,14.6,
5900020041609,Nestle country flakes,nestle,Unclassified,none,,,,,,,,,,
5300647107632,Dark Choc Bits,nestle,Unclassified,none,,,,502.0,54.5,27.0,15.5,0.0625,5.0,
8850125093737,เนสกาแฟ อเมริกาโน,nescafe,Coffee & creamers,brand (clear),B,1,1,,,,,,,
8850125096820,เนสกาแฟ อเมริกาโน,nescafe,Coffee & creamers,brand (clear),B,1,1,,,,,,,
8901058005752,a+ masala millet,nestle,Breakfast cereals,name/category keywords,,,,300.0,4.1,8.8,2.2,1.148,5.8,6.0
7460123433100,Beef soup,maggi,Culinary & meals,brand (clear),,,,,,,,,,
4794363724395,La  panée,garden-gourmet,Culinary & meals,brand (clear),,,,235.0,1.4,11.7,0.8,,12.3,5.3
7613038078779,,maggi,Culinary & meals,brand (clear),,,,,,,,,,
4902201182454,KitKatラブポーション　サーティワン味,nestle,Chocolate & confectionery,name/category keywords,,,,552.0,,31.0,,,4.66,
8606018617739,Joe Cornet,nestle,Unclassified,none,,,,291.0,26.8,14.8,,,3.09,
0024550045397,Kéfir Natural,nestle,Unclassified,none,,,,65.333336,3.9333334,2.9333334,1.8666667,,5.4666667,
4061461777975,Aero Chocolate Melts,nestle,Chocolate & confectionery,name/category keywords,,,,553.0,59.1,31.3,18.7,0.543,6.96,
0018871139002,Lactose Free Full Cream Milk,nestle,Dairy & milk drinks,name/category keywords,,,,63.0,4.9,3.6,2.0,0.129,3.3,
9300605155152,Milo Minis,nestle,Breakfast cereals,name/category keywords,,,,382.0,24.0,4.67,,0.3,8.33,
8961008219714,Yogurt,nestle,Dairy & milk drinks,name/category keywords,,,,72.0,8.8,3.5,,0.15,3.1,
4633166017573,LC1 Immunity Guave Passionsfrucht,nestle,Unclassified,none,,,,91.0,10.4,2.7,1.7,,4.0,0.2
0059800000680,Coffee Crisp,nestle,Coffee & creamers,name/category keywords,,,,520.0,50.0,26.0,14.0,,,2.0
4061461778101,Little Rolo,nestle,Unclassified,none,,,,511.0,62.0,24.5,14.0,0.625,4.0,
8934804044361,Milo,nestle,Dairy & milk drinks,name/category keywords,,,,60.6,,1.94,,0.0569,1.44,
7506475113434,Natural For Baby Grain & Grow Apple Cinnamon Oatmeal,gerber,Infant & young child nutrition,brand (clear),,,,,,,,,,
7506475113441,Natural For Baby Pear Peach Oatmeal,gerber,Infant & young child nutrition,brand (clear),,,,,,,,,,
0015000993153,Natural Sweet Potato With Vitamin C,gerber,Infant & young child nutrition,brand (clear),,,,,,,,,,
0015000993306,Organic Pea (Supported Sitter),gerber,Infant & young child nutrition,brand (clear),,,,,,,,,,
0015000934156,Organic Banana Squash (Sitter),gerber,Infant & young child nutrition,brand (clear),,,,,,,,,,
0015000934163,Organic Apple Blueberry Spinach (Sitter),gerber,Infant & young child nutrition,brand (clear),,,,,,,,,,
0015000934170,Organic Pear Peach Strawberry (Sitter),gerber,Infant & young child nutrition,brand (clear),,,,,,,,,,
0015000934187,Organic Pear Carrot Pea (Sitter),gerber,Infant & young child nutrition,brand (clear),,,,,,,,,,
0015000935832,Organic Banana Blueberry Blackberry Oatmeal (Sitter),gerber,Infant & young child nutrition,brand (clear),,,,,,,,,,
0015000935900,Organic Banana Strawberry Raspberry Mixed Grain (Toddler),gerber,Infant & young child nutrition,brand (clear),,,,,,,,,,
0015000935931,Organic Pumpkin Banana Carrot (Sitter),gerber,Infant & young child nutrition,brand (clear),,,,,,,,,,
0015000910105,Natural Apple Pear Peach With Vitamin C (Toddler),gerber,Infant & young child nutrition,brand (clear),,,,,,,,,,
0015000910112,Natural Apple Mango Strawberry With Vitamin C & E,gerber,Infant & young child nutrition,brand (clear),,,,,,,,,,
0015000910129,Natural Banana Blueberry With Vitamin C (Toddler),gerber,Infant & young child nutrition,brand (clear),,,,,,,,,,
0015000910204,Natural Sweet Potato Mango Pear Kale With Vitamin C & E,gerber,Infant & young child nutrition,brand (clear),,,,,,,,,,
0015000928179,Organic Apple Strawberry Beet (Sitter),gerber,Infant & young child nutrition,brand (clear),,,,,,,,,,
0015000934118,Organic Banana Mango (Sitter),gerber,Infant & young child nutrition,brand (clear),,,,,,,,,,
0015000934125,Organic Apple Peach (Sitter),gerber,Infant & young child nutrition,brand (clear),,,,,,,,,,
0015000934149,Organic Carrot Apple Mango (Sitter),gerber,Infant & young child nutrition,brand (clear),,,,,,,,,,
0015000492335,Organic Banana Strawberry Beet Oatmeal (Toddler),gerber,Infant & young child nutrition,brand (clear),,,,,,,,,,
0015000652470,Organic For Baby Organic Morning Bowls Grain & Grow Multipack,gerber,Infant & young child nutrition,brand (clear),,,,,,,,,,
0015000910020,Apple Blueberry With Vitamin C (Sitter),gerber,Infant & young child nutrition,brand (clear),,,,,,,,,,
0015000910044,Organic Apple Kale Fig (Sitter),gerber,Infant & young child nutrition,brand (clear),,,,,,,,,,
0015000186876,Tropical Adventure Puree Favorites - Variety Pack 16 2-Packs,gerber,Infant & young child nutrition,brand (clear),,,,,,,,,,
0015000186944,Fruit & Veggie Favorites Value Pack - 20 Jars,gerber,Infant & young child nutrition,brand (clear),,,,,,,,,,
0015000475192,Organic for Baby 18 Pouches Fruit & Veggie Blend Purees,gerber,Infant & young child nutrition,brand (clear),,,,,,,,,,
0015000186838,Fruit & Cereal Purees Grain & Grow Variety Pack 16 2-packs,gerber,Infant & young child nutrition,brand (clear),,,,,,,,,,
0015000186852,Farmer's Favorites Fruit & Veggie Purees Variety Pack - 16 2-Packs,gerber,Infant & young child nutrition,brand (clear),,,,,,,,,,
0015000186869,Super Blends Fruit & Veggies Purees Variety Pack - 16 2-Packs,gerber,Infant & young child nutrition,brand (clear),,,,,,,,,,
0015000118631,"Organic Variety Pack: Mango Apple Carrot Kale, Apple Peach & Banana Mango (Sitter)",gerber,Infant & young child nutrition,brand (clear),,,,,,,,,,
0015000074548,Organic Pumpkin Banana Carrot (Sitter),gerber,Infant & young child nutrition,brand (clear),,,,,,,,,,
0015000074906,"Organic Variety Pack: Mango Apple Carrot Kale, Apple Peach & Banana Mango (Sitter)",gerber,Infant & young child nutrition,brand (clear),,,,,,,,,,
0015000074364,Organic Banana Squash (Sitter),gerber,Infant & young child nutrition,brand (clear),,,,,,,,,,
0015000070649,Cereal Value Pack Rice And Oat Cereal,gerber,Infant & young child nutrition,brand (clear),,,,,,,,,,
0015000074319,Organic Pear Carrot Pea (Sitter),gerber,Infant & young child nutrition,brand (clear),,,,,,,,,,
0015000048273,Organic Puffs Apple (Crawler),gerber,Infant & young child nutrition,brand (clear),,,,,,,,,,
0015000044282,Natural With Vitamin C Veggie Power Carrot Tomato Basil Balsamic (Sitter),gerber,Infant & young child nutrition,brand (clear),,,,,,,,,,
0015000044602,Apple Blueberry With Vitamin C (Sitter),gerber,Infant & young child nutrition,brand (clear),,,,,,,,,,
0015000028107,Organic Banana (Supported Sitter),gerber,Infant & young child nutrition,brand (clear),,,,,,,,,,
0015000029203,Organic Sweet Potato Apple Carrot & Cinnamon (Sitter),gerber,Infant & young child nutrition,brand (clear),,,,,,,,,,
0015000006815,Natural Carrot Apple Apricot With Vitamin C (Sitter),gerber,Infant & young child nutrition,brand (clear),,,,,,,,,,
0015000006822,Natural Sweet Potato Banana Orange With Vitamin C (Sitter),gerber,Infant & young child nutrition,brand (clear),,,,,,,,,,
0015000006846,Natural Apple Strawberry Banana With Vitamin C (Sitter),gerber,Infant & young child nutrition,brand (clear),,,,,,,,,,
0015000006853,Natural Pear Guava With Vitamin C (Sitter),gerber,Infant & young child nutrition,brand (clear),,,,,,,,,,
0015000006860,Natural Banana & Avocado With Vitamin C (Sitter),gerber,Infant & young child nutrition,brand (clear),,,,,,,,,,
0015000006877,Natural Squash Pear Pineapple With Vitamin C (Sitter),gerber,Infant & young child nutrition,brand (clear),,,,,,,,,,
0015000003166,Natural Green Beans (Supported Sitter),gerber,Infant & young child nutrition,brand (clear),,,,,,,,,,
0015000006341,Natural Banana With Vitamin C (Supported Sitter),gerber,Infant & young child nutrition,brand (clear),,,,,,,,,,
0015000006389,Natural Carrot (Supported Sitter),gerber,Infant & young child nutrition,brand (clear),,,,,,,,,,
0015000006433,Natural Pear With Vitamin C (Supported Sitter),gerber,Infant & young child nutrition,brand (clear),,,,,,,,,,
0015000006501,"Natural Apple Spinach & Kale With Vitamin C, Sitter",gerber,Infant & young child nutrition,brand (clear),,,,,,,,,,
0015000006808,Mango (Supported Sitter),gerber,Infant & young child nutrition,brand (clear),,,,,,,,,,
0015000003159,Natural Sweet Potato With Vitamin C,gerber,Infant & young child nutrition,brand (clear),,,,,,,,,,
0015000002824,Organic Apple (Supported Sitter),gerber,Infant & young child nutrition,brand (clear),,,,,,,,,,
0015000002909,Organic Apple Spinach With Kale (Sitter),gerber,Infant & young child nutrition,brand (clear),,,,,,,,,,
0015000002930,Organic Apple Wild Blueberry (Sitter),gerber,Infant & young child nutrition,brand (clear),,,,,,,,,,
4054400650934,Coffee mate natural bliss brown sugar,coffee-mate,Coffee & creamers,brand (clear),,,,,,,,,,
0643035508488,Cereal Lion,nestle,Breakfast cereals,name/category keywords,,,,405.0,24.5,7.4,1.1,,8.1,7.0
6294017119129,Spring season soup,maggi,Culinary & meals,brand (clear),,,,,,,,,,
0041474443009,Garlic and onion box,maggi,Culinary & meals,brand (clear),,,,,,,,,,
0643035312016,Chocolate extrafino con almendras,nestle,Chocolate & confectionery,name/category keywords,,,,553.0,49.9,34.0,15.6,,8.4,3.2
7613287784247,Gold,nestle,Unclassified,none,,,,373.0,31.7,2.67,0.667,,5.0,4.67
0476632474869,Sensational BBQ épicée,garden-gourmet,Culinary & meals,brand (clear),,,,210.0,1.2,15.3,1.0,,11.8,6.4
9300605145603,Mocha Inspired Scorched Almonds,nescafe,Coffee & creamers,brand (clear),,,,425.0,48.3,12.8,,,0.0,
0500000622429,Nestle Dollhouse Mini Chocolate Chip Cookie,nestle,Chocolate & confectionery,name/category keywords,,,,457.0,37.1,22.9,10.0,1.07,5.71,2.86
7792124743286,Ninho zero lactose,nestle,Dairy & milk drinks,name/category keywords,,,,465.0,36.0,19.0,12.0,,17.0,
0934026661139,Yaks nature,nestle,Unclassified,none,,,,162.0,3.7,11.2,6.5,,7.2,
0018871090006,Coffee,nescafe,Coffee & creamers,brand (clear),,,,33.0,4.8,0.8,0.8,0.03,0.2,0.2
8961008221212,Nesvita hi Calcium Low Fat Milk,nestle,Dairy & milk drinks,name/category keywords,B,,,41.0,5.0,0.9,0.5,0.000175,3.2,
8690632018010,Nestle chocolate,nestle,Chocolate & confectionery,name/category keywords,,,,,,,,,,
7630054474767,NESPRESSO,nespresso,Coffee & creamers,brand (clear),,,,,,,,,,
9400556018954,Air Fryer Crispy Salt And Pepper Coating,maggi,Culinary & meals,brand (clear),,,,338.0,6.19,1.77,0.0,6.86,8.85,5.31
9400556019371,Air Fryer Crispy Korean Style Coating,maggi,Culinary & meals,brand (clear),,,,359.0,5.0,2.0,1.0,6.88,10.0,
0890000360361,Iorgute,nestle,Unclassified,none,,,,112.22222,13.333333,4.4444447,,,4.777778,
4891118086552,南洋風味白咖啡,nescafe,Coffee & creamers,brand (clear),,,,38.0,5.6,0.84,0.52,0.139,0.84,
6294003598471,Nescafe Choco hazelnut Ice,nescafe,Coffee & creamers,brand (clear),,,,,,,,,,
6294003598389,Nescafe salted caramel  1box,nescafe,Coffee & creamers,brand (clear),,,,,,,,,,
6294003598419,Nescafe Vanilla Wafer Ice,nescafe,Coffee & creamers,brand (clear),,,,,,,,,,
6294003598440,Nescafe mocha ice 1box,nescafe,Coffee & creamers,brand (clear),,,,,,,,,,
9556001308276,Cold Brew Black,nescafe,Coffee & creamers,brand (clear),,,,14.0,2.72,0.0,0.0,0.068,0.0,0.0
0643439335000,Light French à la française,thomy,Culinary & meals,brand (clear),,,,103.0,0.2,9.6,1.0,,0.6,0.2
7630585344539,Stormio Boost,nespresso,Coffee & creamers,brand (clear),,,,0.0,0.0,0.0,,,0.0,0.0
0050000200375,Oat Milk Creamer Vanilla,coffee-mate,Coffee & creamers,brand (clear),,,,182.0,27.3,4.55,4.55,0.341,0.0,
0055000208550,Drumstick d’origine végétale,nestle,Unclassified,none,,,,191.66667,15.833333,10.0,6.6666665,,2.5,0.8333333
9300605155794,Tim tam Mocca,nescafe,Coffee & creamers,brand (clear),,,,423.0,48.0,13.1,12.0,1.89,0.0,
7290118420811,Fitness Thins,nestle,Unclassified,none,,,,390.0,6.55,3.45,0.69,,8.97,6.9
5636028318213,Ispirazione Napoli,nespresso,Coffee & creamers,brand (clear),,,,,,,,,,
7891000740101,Nescafé solúvel forte,nestle,Coffee & creamers,name/category keywords,,,,,,,,,,
0050000806089,Coffee Mate,nestle,Coffee & creamers,name/category keywords,,,,0.0,,0.0,,,0.0,
4891118602028,Chocolate Ice Cream,nestle,Chocolate & confectionery,name/category keywords,,,,92.7,11.5,4.53,2.53,0.1,1.4,
8445290992765,Puré De Papas,maggi,Culinary & meals,brand (clear),,,,348.0,0.0,0.0,,1.1,7.2,6.4
9300605156432,Biscoff Milkybar,nestle,Chocolate & confectionery,name/category keywords,,,,549.0,53.0,32.7,18.9,0.176,7.5,
8445290269898,Cerelac kids Apple banana strawberry,nestle,Infant & young child nutrition,name/category keywords,,,,,,,,,,
4613493672577,3u1 classic,nescafe,Coffee & creamers,brand (clear),,,,71.0,9.5,2.2,2.0,,0.2,0.4
0028000515775,Strawberry Nesquik,nestle,Dairy & milk drinks,name/category keywords,,,,60.4,9.18,0.966,0.604,0.109,3.38,0.242
9556001306739,Beef Mug Noodles,maggi,Culinary & meals,brand (clear),,,,68.1,0.503,2.71,1.31,0.872,1.4,
4634662000052,Natural Bliss,coffee-mate,Coffee & creamers,brand (clear),,,,233.33333,26.666666,10.0,6.6666665,,,
0464695439734,Lindahls pro + snack coconut,nestle,Unclassified,none,,,,322.0,3.0,18.1,9.5,,16.1,0.9
6294017111734,Nestle Powder Milk,nestle,Dairy & milk drinks,name/category keywords,,,,,,,,,,
0005390469246,Lindahls pro+ nestle striaccatella,nestle,Unclassified,none,,,,52.0,3.1,0.7,0.5,,7.9,
8445291308923,Jahodový nápoj v prášku,nestle,Dairy & milk drinks,name/category keywords,E,3,0,392.0,81.0,0.5,0.1,0.01,1.4,0.5
7290019293989,Crunch Red Bamaba,nestle,Chocolate & confectionery,name/category keywords,,,,395.0,29.7,26.0,16.0,,5.0,
7613030049654,Coriander and Garlic Cooking paste,maggi,Culinary & meals,brand (clear),,,,200.0,,9.0,,,4.0,
9300617428350,Melts Irresistible White Chocolate Buttons,nestle,Chocolate & confectionery,name/category keywords,E,,,542.0,69.3,28.0,26.0,0.133,2.0,
0850050030263,Good to start,nestle,Unclassified,none,,,,,,,,,,
4891118045061,Joy Stick Vanilla Flavour,nestle,Unclassified,none,,,,240.0,17.1,18.3,13.7,0.0929,1.71,
7891000337271,Nesquick Cereal,nestle,Breakfast cereals,name/category keywords,,,,377.0,30.0,4.67,1.33,0.917,6.33,5.67
8901058010701,Nestle Munch Vanilla Flavour,nestle,Chocolate & confectionery,name/category keywords,,,,,,,,,,
8445290409393,Cerelac Nutripuffs banana strawberry,nestle,Infant & young child nutrition,name/category keywords,,,,,,,,,,
9300605157088,Kit Kat Drumstick,nestle,Chocolate & confectionery,name/category keywords,,,,522.0,49.7,29.0,16.4,0.246,6.56,
8445290899002,,nestle,Unclassified,none,,,,,,,,,,
7613039670217,Nestle Cerelac apple,nestle,Infant & young child nutrition,name/category keywords,,,,,,,,,,
7613287762443,Gerber organic for baby apple blueberry oats,gerber,Infant & young child nutrition,brand (clear),,,,,,,,,,
5300647152144,Kit Kat,nestle,Chocolate & confectionery,name/category keywords,,,,,,,,,,
4673007467044,Thunvisch,garden-gourmet,Culinary & meals,brand (clear),,,,279.0,,19.9,2.3,,22.6,1.1
0459050060111,Iogurte natural integral NESTLÉ,nestle,Dairy & milk drinks,name/category keywords,,,,69.0,4.0,4.1,2.6,,4.0,
8901058904024,Milo for Teenage,milo,Dairy & milk drinks,brand (clear),,,,588.0,76.0,4.4,3.2,0.396,,
8901058003215,Nestle Lactogrow,nestle,Beverages,name/category keywords,,,,,,,,,,
0612055723539,Nescafe Gold Medium Roast 40g,nescafe,Coffee & creamers,brand (clear),,,,,,,,,,
8801055723539,Nescafe Gold Medium Roast Soluble Coffee,nescafe,Coffee & creamers,brand (clear),,,,,,,,,,
0085780089131,Kefir tropical,nestle,Unclassified,none,,,,40.0,3.8,1.2,0.8,,3.0,0.1
0643439643532,Thomy Knobli,thomy,Culinary & meals,brand (clear),,,,547.0,,55.9,,,1.2,0.4
4600680012674,Каша кукурузная безмолочная сухая быстрорастворимая,gerber,Infant & young child nutrition,brand (clear),,,0,388.0,,1.5,,0.05,8.5,
7861001243383,Leche deslactosada,nestle,Dairy & milk drinks,name/category keywords,,,,110.0,,4.0,,,7.0,
8773044066302,Extrême Pink Tropic,nestle,Unclassified,none,,,,203.0,25.0,5.0,3.1,,1.4,1.3
13766290,La panée escalope veggie,garden-gourmet,Culinary & meals,brand (clear),,,,235.55556,1.4444444,11.666667,0.8888889,,12.222222,5.222222
6294017121498,Soup,maggi,Culinary & meals,brand (clear),,,,,,,,,,
6294017121436,Chicken Soup,maggi,Culinary & meals,brand (clear),,,,,,,,,,
8445290341495,Cerelac wheat Fruits Piece,nestle,Infant & young child nutrition,name/category keywords,,,,,,,,,,
8445290341242,baby cereal wheat,cerelac,Infant & young child nutrition,brand (clear),,,,422.0,27.0,10.5,,0.3,14.3,3.0
5797004009171,Coconut Milk,maggi,Culinary & meals,brand (clear),,,,,,,,,,
6294017116593,Chicken Stock,maggi,Culinary & meals,brand (clear),,,,,,,,,,
0490743099032,Brown Butter Chocolate Chip Cookie,coffee-mate,Coffee & creamers,brand (clear),,,,233.33333,33.333332,10.0,,,,
7460123458202,sopa de gallina criolla,maggi,Culinary & meals,brand (clear),,,,,,,,,,
7613036271929,dulce gusto capsulas,nescafe,Coffee & creamers,brand (clear),,,,,,,,,,
0055000208635,Cornet Rolo,nestle,Unclassified,none,,,,229.62962,23.703703,10.37037,8.148149,,2.2222223,0.7407407
8690632667003,Céréales,nesfit,Breakfast cereals,name/category keywords,,,,393.0,19.0,6.4,3.5,,8.7,7.0
0041350080533,Protein drink,nestle,Beverages,name/category keywords,,,,240.0,,6.0,,,12.0,
7290106576810,ריבת חלב,nestle,Unclassified,none,,,,207.0,25.5,8.3,4.1,0.1675,4.0,
9556001609007,Rice Porridge,maggi,Culinary & meals,brand (clear),,,,347.0,,0.635,,3.41,10.8,
8809815276196,킷캣 아이스크림,nestle,Unclassified,none,,,,252.0,20.0,16.7,11.1,0.181,3.33,
0011000008347,Lil’ Crunchies,gerber,Infant & young child nutrition,brand (clear),,,,35.0,,2.0,,,,
7501058656049,Nido 1+ Powder,nestle,Dairy & milk drinks,name/category keywords,,,,457.0,,19.0,7.5,0.6,15.0,3.0
9556001228338,Milo,nestle,Dairy & milk drinks,name/category keywords,,,,,,,,,,
0028000924577,Frosted Flakes Cereal Flavored Milk,nestle,Breakfast cereals,name/category keywords,,,,60.4,9.42,1.09,0.725,0.115,3.38,0.242
9556001230966,Chicken stock cube,maggi,Culinary & meals,brand (clear),,,,,,,,,,
7613287946652,Mocha,nescafe,Coffee & creamers,brand (clear),,4,6,411.0,64.1,8.5,6.3,1.02,2.8,2.5
0400099461698,Beef stroganoff,maggi,Culinary & meals,brand (clear),,,,,,,,,,
01124802,Maggi,maggi,Culinary & meals,brand (clear),,,,,,,,,,
4512006054612,Molico Zero,nestle,Dairy & milk drinks,name/category keywords,,,,25.882353,,,,,2.5882354,
0300345155596,Mocha milo w/coffee,nestle,Coffee & creamers,name/category keywords,,,,,,,,,,
8850144080404,Nestle Coffee Mate Light,coffee-mate,Coffee & creamers,brand (clear),,,,,,,,,,
5300647152496,Caramel Tim Tam Mocha,nescafe,Coffee & creamers,brand (clear),,,,347.0,53.5,0.0,,1.32,0.0,
9400556007804,Creamy mushroom soup,maggi,Culinary & meals,brand (clear),,,,,,,,,,
0643000516579,Cappuccino çhocolat blanc,nescafe,Coffee & creamers,brand (clear),,,,62.0,8.1,1.5,1.2,,1.3,0.3
9400556016967,Nescafé Classic,nescafe,Coffee & creamers,brand (clear),,,,2.0,0.1,,,,0.1,0.6
9556001261724,Nestum Brown Rice,nestle,Infant & young child nutrition,name/category keywords,,,,419.0,28.1,9.63,,0.63,8.89,4.07
7613038451954,קראנץ' במתיקות מעודנת,nestle,Unclassified,none,,,,408.0,9.9,7.8,1.1,0.06,8.9,6.3
0500000120789,Vanilla bean,coffee-mate,Coffee & creamers,brand (clear),,,,233.0,33.3,10.0,0.0,0.167,0.0,
0500000622313,Toll House Chocolate chip cookie,nestle,Chocolate & confectionery,name/category keywords,,,,474.0,36.8,21.1,10.5,1.12,5.26,0.0
9556001006431,Milo,nestle,Dairy & milk drinks,name/category keywords,,,,,,,,,,
0050000941308,Natural Bliss Pumpkin Spice Creamer,coffee-mate,Coffee & creamers,brand (clear),,,,233.0,33.3,10.0,6.67,0.0833,0.0,
6221007038122,Bashamel Cheese Mix,maggi,Culinary & meals,brand (clear),,,,338.0,2.4,3.2,1.1,0.0136,12.5,2.9
7591720029936,chocolate,nestle,Chocolate & confectionery,name/category keywords,,,,,,,,,,
7613287325327,Illuma 3 2yrs prod,nestle,Unclassified,none,,,,,,,,,,
6294017107485,S26 Gold 2,nestle,Unclassified,none,,,,,,,,,,
0753985433744,Cerelac grains milk wheat,nestle,Infant & young child nutrition,name/category keywords,,,,,,,,,,
7891000635063,classic,nescafe,Coffee & creamers,brand (clear),,1,0,,,,,,,
8445290869739,Instant Mushroom Soup,maggi,Culinary & meals,brand (clear),,,,391.0,12.3,10.0,5.0,5.81,9.09,
0028000315122,Pumpkin Spice Chocolate Chips,nestle,Chocolate & confectionery,name/category keywords,,,,500.0,71.4,25.0,21.4,0.0,0.0,0.0
6917878354446,Beef Mashed Potatoes,maggi,Culinary & meals,brand (clear),,,,381.0,,10.6,,3.75,11.4,
9300605139060,Resource plus,nestle,Health & clinical nutrition,name/category keywords,,,,153.16455,9.282701,5.907173,,0.20042194,5.907173,
13288198,Thomynaise light,thomy,Culinary & meals,brand (clear),,,,306.0,0.7,31.5,3.3,2.5,0.7,0.1
5558004502204,Gril Tempero Para Carne,maggi,Culinary & meals,brand (clear),,,,,,,,,,
0050000881796,Zero Sugar White Peppermint,coffee-mate,Coffee & creamers,brand (clear),,,,100.0,,6.67,,0.0833,0.0,
0028000732547,Nesquik Cinnamon Bun Flavored Milk,nesquik,Dairy & milk drinks,name/category keywords,,,,62.8,9.42,1.09,0.725,0.115,3.38,0.242
9556001302656,Maggi hot & spicy,maggi,Culinary & meals,brand (clear),,,,,,,,,,
9556001308979,Maggi Chicken,maggi,Culinary & meals,brand (clear),,,,,,,,,,
8934804049441,Nuoc Cot,nescafe,Coffee & creamers,brand (clear),,,,100.0,9.47,2.93,,,2.53,
8901058817652,Bar One,nestle,Chocolate & confectionery,name/category keywords,,,,467.0,63.8,19.5,13.3,0.238,4.76,1.43
8850125088115,เนสกาแฟ,nestle,Coffee & creamers,name/category keywords,,,1,365.0,72.9,0.0,,0.781,10.4,
0608022146470,,milo,Dairy & milk drinks,brand (clear),B,,0,54.0,4.2,1.4,0.8,0.0,2.0,0.7
6222020807351,Squiz Twis,nestle,Unclassified,none,,,,100.0,20.0,0.0,,0.0262,0.0,0.462
7613287529329,,maggi,Culinary & meals,brand (clear),,4,0,,,,,,,
8585002481320,Tavaszi grízgaluska leves,maggi,Culinary & meals,brand (clear),,,,18.0,0.3,0.8,0.5,1.9499999,0.7,0.2
0050000794072,Hazelnut zero sugar creamer,coffee-mate,Coffee & creamers,brand (clear),,,,100.0,0.0,6.67,,,0.0,
0458560406358,Lindahls,nestle,Unclassified,none,,,,71.333336,4.6666665,0.13333334,0.13333334,0.33333334,10.333333,
7290118422228,Fitness Beet and Yam Crisps,nestle,Unclassified,none,,,,430.0,5.0,13.7,1.67,1.0,5.67,6.0
8901058007473,SUNRISE RS.10,nescafe,Coffee & creamers,brand (clear),,,,,,,,,,
8901058904017,MILO,nestle,Dairy & milk drinks,name/category keywords,,,,,,,,,,
9379430563944,Fitness original,nestle,Unclassified,none,,,,368.0,8.3,1.5,0.6,1.4,9.8,8.5
0017288004125,Tex,nestle,Unclassified,none,,,,499.0,45.0,24.8,15.9,0.07972441,6.1,2.5
9556001305930,Mi Goreng Laksa,maggi,Culinary & meals,brand (clear),,,,422.0,5.13,17.7,,2.46,9.1,
7290118421726,Fitness Beet Flavored Whole Grain Crackers,nestle,Unclassified,none,,,,435.0,8.02,14.1,3.82,0.849,12.6,8.02
0645045546160,Yogi summer,nestle,Unclassified,none,,,,21.794872,3.2051282,0.06410257,0.06410257,0.100948915,2.1153846,
0050000873005,Pumpkin Spice Creamer,coffee-mate,Coffee & creamers,brand (clear),,,,193.0,33.3,6.67,0.0,0.0833,0.0,
0643435213678,Chocolate fitness,nestle,Chocolate & confectionery,name/category keywords,,,,398.0,17.1,6.8,4.0,0.48228347,8.9,7.6
7613287464675,Mayonnaise Delicatess,thomy,Culinary & meals,brand (clear),,4,2,270.0,2.5,29.0,2.0,1.25,1.0,
8901058905526,Nestle NAN Excellapro,nestle,Infant & young child nutrition,name/category keywords,,4,6,491.0,44.5,24.0,13.0,0.2475,10.7,
7613287436344,Maggi Basilico,maggi,Culinary & meals,brand (clear),,,,,,,,,,
6917878362175,Waffle Biscuits (What Strawberry Flavour),nestle,Chocolate & confectionery,name/category keywords,,,,542.0,8.89,22.2,5.56,0.306,4.44,
8850453011069,Cola flavored ice confection,nestle,Unclassified,none,,,,65.789474,18.421053,,,,,
0740000145782,Zero Sugar Italian Sweet Crèmer,nestle,Unclassified,none,,,,100.0,0.0,6.67,0.0,0.0833,0.0,
6161107793043,Cerevita Corn And Wheat Cereal,nestle,Breakfast cereals,name/category keywords,,,,387.0,24.0,7.0,2.1,0.5625,8.5,4.0
9339444814395,Béchamel,maggi,Culinary & meals,brand (clear),,,,88.0,4.7,4.4,2.9,0.69881886,3.5,0.5
9558401000750,Maggi cup Tomyam,maggi,Culinary & meals,brand (clear),,,,,,,,,,
4633466003597,Yoghurt yaos 0% nature,nestle,Dairy & milk drinks,name/category keywords,,,,89.0,8.0,0.1,0.1,0.18700787,12.0,
7702024255918,la lechera,nestle,Unclassified,none,,,,,,,,,,
6294003589332,,maggi,Culinary & meals,brand (clear),,,,,,,,,,
7290018652923,99 Cal Mascarpone Strawberry,nestle,Unclassified,none,,,,231.0,,12.0,,,3.8,
4800361402354,Blueberry Cheesecake Greek Flavored Yogurt,nestle,Dairy & milk drinks,name/category keywords,,,,103.0,11.8,3.18,1.64,,3.18,0.0
9556001288134,Aglio Olio,maggi,Culinary & meals,brand (clear),,,,414.0,2.08,10.3,,1.55,10.4,4.16
0643035781607,Bouillon cube légumes,maggi,Culinary & meals,brand (clear),,,,24.0,2.0,0.5,0.1,4.7244096,0.5,0.5
8606018618279,Familia Hit,nestle,Unclassified,none,,,,297.56213,,13.0,10.0,,3.4,1.7
0646464456047,Look,nestle,Unclassified,none,,,,487.0,52.6,21.9,11.9,,4.6,1.3
4901410891836,Maggie Veggie Masala,maggi,Culinary & meals,brand (clear),,,,384.0,3.2,13.5,7.9,2.84275,8.0,
8888082161282,Milo Original,nestle,Dairy & milk drinks,name/category keywords,,,,410.0,,10.0,,,11.7,
8901058005509,Nescafe Sunrise,nescafe,Coffee & creamers,brand (clear),,,,,,,,,,
9556001268129,La cremeria Summer Berries Yogurt,nestle,Dairy & milk drinks,name/category keywords,,,,123.0,,5.8,,,1.9,
8901058005578,,maggi,Culinary & meals,brand (clear),,,,,,,,,,
9556001079930,Liquid Chicken Stock,maggi,Culinary & meals,brand (clear),,,,,,,,,,
7613035817944,Mashed Potato with Mushroom,maggi,Culinary & meals,brand (clear),,,,,,,,,,
8585002439802,Kanaliemi,maggi,Culinary & meals,brand (clear),,,,326.0,3.5,20.4,12.1,38.65,4.8,0.7
8690632008769,SOUP W CORN 47G,maggi,Culinary & meals,brand (clear),,,,,,,,,,
0001500018683,Fruit & cereal purée favorite variety pack,gerber,Infant & young child nutrition,brand (clear),,,,,,,,,,
0023290075401,Lindahls  pro,nestle,Unclassified,none,,,,47.878788,,0.3030303,,,7.939394,
33304541,Nestle KitKat,nestle,Chocolate & confectionery,name/category keywords,,3,0,,,,,,,
0005000039758,Rich Milk Chocolate Cocoa,nestle,Chocolate & confectionery,name/category keywords,,4,6,,,,,,,
0005980049082,,nestle,Unclassified,none,,,,,,,,,,
00099442,Chiquitin frutilla,nestle,Unclassified,none,,,,,,,,,,
0001001663652,Avoine vegan,nestle,Unclassified,none,,,,81.0,,6.2,0.5,,1.0,0.5
00100641,Everything Bagel,nestle,Unclassified,none,,,,454.54544,0.0,0.0,0.0,20.454546,0.0,0.0
00010686,,nestle,Unclassified,none,,,,,,,,,,
6294017122099,Fitness honey almond offer,nestle,Breakfast cereals,name/category keywords,A,,,387.0,15.9,5.0,0.8,0.19,9.8,8.0
0001500000308,Sweet Potato,gerber,Infant & young child nutrition,brand (clear),,,,,,,,,,
0000203474683,Creme de Leite Nestlé,nestle,Dairy & milk drinks,name/category keywords,,,0,,,3.8,2.4,17.018,0.0,0.0
0028000849092,Nescafe taster's choice 100 % colombian instant coffee,nestle,Coffee & creamers,name/category keywords,,,,,,,,,,
0400556007781,Onion,maggi,Culinary & meals,brand (clear),,,,,,,,,,
0613036299473,Gold Original,nescafe,Coffee & creamers,brand (clear),,4,0,,,,,,,
0613036701983,Nescafe Gold Cappuccino - 14g,nescafe,Coffee & creamers,brand (clear),,4,1,53.0,47.2,8.5,7.2,,9.5,
0613287740434,maggo,maggi,Culinary & meals,brand (clear),,4,2,,,,,,,
0630047607776,Altissio,nespresso,Coffee & creamers,brand (clear),,,,0.0,,0.0,,,0.0,
00006532,Nestle bear brand,nestle,Dairy & milk drinks,name/category keywords,,,,,,,,,,
0761303691390,,nestle,Unclassified,none,,,,,,,,,,
0761396013735,,nestle,Unclassified,none,,,,,,,,,,
0000800203591,,nestle,Unclassified,none,,,,,,,,,,
0858500248778,Пилешки бульон обогатен с желязо,maggi,Culinary & meals,brand (clear),,4,3,,,,,,,
00088088,ismael,nestle,Unclassified,none,,,,,,,,,,
8941100294956,Masala Blast,maggi,Culinary & meals,brand (clear),,,,417.0,2.9,15.5,6.8,,9.3,3.8
8445290541222,LES RECETTES DE L'ATELIER Salty Caramel,nestle,Chocolate & confectionery,name/category keywords,E,,,532.0,44.8,31.6,17.0,0.4,7.8,7.4
4050666000148,Aero,nestle,Chocolate & confectionery,name/category keywords,,,,,,,,,,
8850127008241,Mango Flavour Coconut Cream Frozen Confection With Mango Sauce,nestle,Culinary & meals,name/category keywords,,,,193.0,22.0,7.64,4.0,0.15,1.09,
32280106027960810,Gerber Organic,gerber,Infant & young child nutrition,brand (clear),,,,50.50505,10.10101,0.0,0.0,,0.0,1.010101
7613036045902,Optifast tomato soup country style,nestle,Health & clinical nutrition,name/category keywords,,,,379.0,18.9,8.49,1.7,3.42,38.5,6.79
6909825011472,Liquid sauce,maggi,Culinary & meals,brand (clear),,,,,,,,,,
42421368,Teriyaki maustetahna,maggi,Culinary & meals,brand (clear),,,,96.0,3.7,3.2,1.1,0.59,11.7,1.2
7773401006935,Water sabor Chocolate,nestle,Chocolate & confectionery,name/category keywords,E,4,2,492.0,35.2,20.8,10.8,0.5,6.8,3.6
3800020432938,Kitkat Chunky Black & White,nestle,Chocolate & confectionery,name/category keywords,,,,536.0,45.2,31.0,17.1,0.232,5.95,1.43
4901069009729,,maggi,Culinary & meals,brand (clear),,,,,,,,,,
4902201182492,Kitkat Apple Pie,nestle,Chocolate & confectionery,name/category keywords,,,,543.0,,31.0,,,3.79,
0500000398799,Italian Sweet Creme Creamer,nestle,Coffee & creamers,name/category keywords,,,,100.0,0.0,6.67,0.0,0.0833,0.0,0.0
8445290408655,Jus Tuinkruiden,maggi,Culinary & meals,brand (clear),,,,333.0,,6.9,,,13.5,
0005000080003,"Fly Egg Creamer, Coffee-mate french vanilla concentrated creamer",nestle,Coffee & creamers,name/category keywords,,,,,,,,,,
7613036989329,Káva,dolce-gusto,Coffee & creamers,brand (clear),,,,436.0,42.6,16.9,9.2,0.3,3.4,0.4
0011099678165,benecalorie calorie and food enhancer,nestle,Unclassified,none,,,,750.0,0.0,75.0,6.818182,0.11363637,15.909091,0.0
4600680022338,Madison Sandwich With Caramel,nestle,Chocolate & confectionery,name/category keywords,,,,548.0,,32.0,,,6.3,
8961008220390,,nestle,Unclassified,none,,,,,,,,,,
9556001257123,Gao Siew Dai,nestle,Unclassified,none,,,,350.0,69.3,0.714,0.714,0.125,0.714,
7630428785123,Orange Biscuits,nespresso,Coffee & creamers,brand (clear),,,,531.0,31.2,28.1,15.6,0.234,6.25,3.12
0444550022158,Carnation,nestle,Dairy & milk drinks,name/category keywords,,,,,,,,,,
9300605152106,Kit Kat Fun Size,nestle,Chocolate & confectionery,name/category keywords,,,,521.0,50.7,26.4,15.0,0.268,6.43,
8445290255532,Burger Deluxe,thomy,Culinary & meals,brand (clear),,,,528.0,5.5,54.8,5.6,0.895,1.1,0.5
8585002426208,Svíčková,maggi,Culinary & meals,brand (clear),,,,371.0,13.0,4.2,2.0,3.05,12.0,3.8
8585002426345,Kuře Na Paprice pikantní,maggi,Culinary & meals,brand (clear),,,,365.0,,3.8,,3.1475,13.0,4.4
7613287407702,S26 ar gold 400g,nestle,Unclassified,none,,,,,,,,,,
8445290941282,Nan organic 2 380g,nestle,Unclassified,none,,,,,,,,,,
7613287805522,Nan supreme pro 1 400g,nestle,Unclassified,none,,,,,,,,,,
4800361422307,Low-Fat Save20,nestle,Unclassified,none,,,,,,,,,,
4800361393539,NanKid Four,nestle,Unclassified,none,,,,,,,,,,
0343435985055,Le gourmand,garden-gourmet,Culinary & meals,brand (clear),,,,173.0,3.0,4.8,0.4,2.75,20.0,4.3
8445291169500,Nesquik,nestle,Dairy & milk drinks,name/category keywords,,,,58.0,9.0,0.95,0.6,0.138,2.85,
6294017129012,Cerelac wheat 400g + apple 80g,nestle,Infant & young child nutrition,name/category keywords,,,,,,,,,,
0392444258674,Coffee Mate Peppermint Mocha,coffee-mate,Coffee & creamers,brand (clear),,,,66.7,0.0,6.67,0.0,0.0833,0.0,
4800361368988,nan optipro,nestle,Infant & young child nutrition,name/category keywords,,,,,,,,,,
7613032155919,Nan AL110,nestle,Unclassified,none,,,,,,,,,,
4800361379212,Nido 3+,nestle,Dairy & milk drinks,name/category keywords,,,,,,,,,,
4800361379151,Nido 3+,nestle,Dairy & milk drinks,name/category keywords,,,,,,,,,,
3274664229917,KitKat Icecream,nestle,Chocolate & confectionery,name/category keywords,,,,351.0,31.0,22.0,15.0,3.64,3.7,0.8
4891118025988,Café Latte - Korean Collection,nescafe,Coffee & creamers,brand (clear),,,,43.0,6.2,1.1,0.5,0.0725,0.7,
0643435242746,Epa,nestle,Unclassified,none,,,,308.0,28.4,17.0,11.4,0.295,3.52,0.795
8690632059174,Kitkat Chunky,nestle,Chocolate & confectionery,name/category keywords,,,,,,,,,,
4800361418225,Nourishing Energy Zero Added Table Sugar,milo,Dairy & milk drinks,brand (clear),,,,377.0,33.2,9.23,4.62,0.519,16.9,
8445290860576,DOLCE GUSTO,nescafe,Coffee & creamers,brand (clear),,,,,,,,,,
7702024724667,,milo,Dairy & milk drinks,brand (clear),,,,,,,,,,
7613032720278,Thickener,nestle,Health & clinical nutrition,name/category keywords,,,,,,,,,,
07369066,Farinha Láctea,cerelac,Infant & young child nutrition,brand (clear),,,,,,,,,,
4806534190288,Temptations Extra Creamy Mango,nestle,Unclassified,none,,,,82.0,10.0,3.0,2.0,,0.7,0.0
9556001282071,Kitkat Mini,nestle,Chocolate & confectionery,name/category keywords,,,,,,,,,,
9556001302977,Cheesy Volcano Flavour,maggi,Culinary & meals,brand (clear),,,,462.0,4.38,19.9,,2.76,10.7,
8445291105096,Intenso 10,nespresso,Coffee & creamers,brand (clear),,,,,,,,,,
7630585316925,Inizio Gran Lungo Nespresso Pod,nespresso,Coffee & creamers,brand (clear),,,,0.0,,0.0,,0.0,0.0,
9300605147843,Smoky Bbq Bowls,maggi,Culinary & meals,brand (clear),,,,172.0,,5.07,,,3.2,
6750044321350,Zero Sugar Chocolate Caramel,nestle,Chocolate & confectionery,name/category keywords,,4,5,100.0,0.0,6.67,0.0,0.0833,0.0,0.0
50454570,Leche,nido,Dairy & milk drinks,name/category keywords,,,,,,,,,,
45369445,Leche,nido,Dairy & milk drinks,name/category keywords,,,,,,,,,,
6033000088819,Nido Essentia,nestle,Dairy & milk drinks,name/category keywords,,,,490.0,46.0,26.0,13.0,,18.0,
8801055709335,Taster's choice classic coffee,nescafe,Coffee & creamers,brand (clear),,,,,,,,,,
0075860493125,Veggie balls,garden-gourmet,Culinary & meals,brand (clear),,,,,,,,,,
9052960387456,Cookies And Cream Drumstick,nestle,Chocolate & confectionery,name/category keywords,,,,311.0,26.7,14.4,10.0,0.333,3.33,1.11
0088468690339,Fried Seasoned Noodles,maggi,Culinary & meals,brand (clear),,,,354.0,4.17,2.08,0.0,2.84,14.6,6.25
6294017121559,Maggi  Broccoli soup,maggi,Culinary & meals,brand (clear),,,,,,,,,,
8901058004144,MAGGI MASALA NOODLES,maggi,Culinary & meals,brand (clear),,4,3,,,,,,,
3194077716784,Maggi chicken less salt cube,maggi,Culinary & meals,brand (clear),,,,,,,,,,
6294017116814,beef flavored,maggi,Culinary & meals,brand (clear),,,,,,,,,,
8801055709526,נס כפה,nescafe,Coffee & creamers,brand (clear),,4,5,,,,,,,
8901058008944,KitKat Cookie Crumble,nestle,Chocolate & confectionery,name/category keywords,,,,408.0,36.0,21.6,20.8,0.22,6.4,
4966786600321,,coffee-mate,Coffee & creamers,brand (clear),,,,,,,,,,
4600680030296,Nuts,nestle,Unclassified,none,,4,2,530.0,50.0,30.0,19.0,0.5,5.5,
0050000537723,Sugar Cookie Dough,nestle,Chocolate & confectionery,name/category keywords,,,,429.0,35.7,17.9,7.14,0.804,3.57,0.0
8850124046314,Nestle MILO เข็มข้น,milo,Dairy & milk drinks,brand (clear),D,4,3,220.0,18.0,12.0,5.0,0.1,2.0,0.0
6294017130513,Nestle Nesquik minions,nesquik,Dairy & milk drinks,name/category keywords,,,,,,,,,,
0028444336974,2 Minute Masala Indian Noodles,maggi,Culinary & meals,brand (clear),,,,429.0,4.29,15.7,7.14,0.0,8.57,2.86
4800361419307,Carnation Condensada,nestle,Unclassified,none,,,,335.0,55.0,10.2,5.04,0.193,2.8,0.0
0724000497256,Coffee Mate Zero Sugar French Vanilla Coffe Cream,nestle,Coffee & creamers,name/category keywords,,,,66.7,0.0,6.67,0.0,0.0833,0.0,
4987176108630,2-Minute Noodles,maggi,Culinary & meals,brand (clear),,4,8,384.0,1.8,12.5,8.2,2.57075,8.2,
9300605157194,Candy Cane Kitkat,nestle,Chocolate & confectionery,name/category keywords,,,,529.0,50.0,30.0,16.4,0.268,6.43,
0655956023940,Mint Chocolate Chip Cookie Dough Bites,nestle,Chocolate & confectionery,name/category keywords,,,,464.0,35.7,16.1,12.5,0.982,3.57,0.0
17967785,Cerelac,nestle,Infant & young child nutrition,name/category keywords,,,0,440.0,,10.0,5.0,1.0,12.0,6.0
7630585304977,capriccio,nespresso,Coffee & creamers,brand (clear),B,1,0,,,,,,,
4902201182218,Kit Kat 深いカカオの香り,nestle,Chocolate & confectionery,name/category keywords,,,,558.0,54.0,34.5,,,6.46,
9556001279361,Omega Plus Dark Choc,nestle,Unclassified,none,,,0,60.0,6.4,1.8,,,1.8,
7613035640726,"Nestlé Min Grøt Havre, Banan og Mango 8md",nestle,Unclassified,none,,,0,,,,,,,
7613036252324,Nan Pro 1 Drikkeklar fra 0mnd 200ml,nestle,Unclassified,none,,,0,,,,,,,
7613035642720,"Nestlé Min Grøt Havre, Bringebær 6md",nestle,Unclassified,none,,,0,,,,,,,
7613036136143,Couscous Kylling Økologisk 8md 190g,nestle,Unclassified,none,,,0,,,,,,,
7613036876537,Naturnes Rotfrukter med Laks 8md 190g,nestle,Infant & young child nutrition,name/category keywords,,,0,,,,,,,
7613036149747,Min Grøt God Natt Fullkorn med Rug 1-3 år 480g,nestle,Unclassified,none,,4,0,,,,,,,
7613037142402,Couscous&Kylling 12mnd 190g Nestle,nestle,Unclassified,none,,,0,,,,,,,
7613034831736,Nestlé Junior Fruktstang 25g,nestle,Unclassified,none,,4,1,384.0,35.0,9.5,0.7,,6.0,3.0
7613035682870,"Nestlé Junior Fullkorngrøt Jordbær og Banan 1,5år",nestle,Unclassified,none,,4,0,,,,,,,
7613037801903,Naturnes Couscous Laks 1-3år 220g,nestle,Infant & young child nutrition,name/category keywords,,,0,,,,,,,
7613035947504,Nestlé Spaghetti Bolognese 12md 190g Økologisk,nestle,Unclassified,none,,,0,,,,,,,
7613035683075,Nestlé Min Grøt Godnatt Havre 6md,nestle,Unclassified,none,,4,0,,,,,,,
8961008219721,Low Fat Unsweetened Yoghurt,nestle,Dairy & milk drinks,name/category keywords,,,,45.6,,2.0,,,2.88,
7613038490137,Naturnes Sviske & Plommemos 4md 125g,nestle,Infant & young child nutrition,name/category keywords,,,0,,,,,,,
7613036584272,Farmors Biffgryte 6mnd 190g Nestle,nestle,Unclassified,none,,,0,,,,,,,
7613287402554,Nestlé Junior Banan/Eple Smoothie 12md 110g,nestle,Beverages,name/category keywords,,,0,,,,,,,
7613036135030,Naturnes Søtpotet & Kylling 6md 190g,nestle,Infant & young child nutrition,name/category keywords,,,0,,,,,,,
7613036252294,Nan Pro 2 Drikkeklar fra 6mnd 200ml Nestle,nestle,Unclassified,none,,,0,,,,,,,
7613035725737,Nestlé Junior Fruktstang Pasjonsfrukt,nestle,Unclassified,none,,4,1,380.0,33.0,9.0,1.7,34.4225,3.5,50.0
7613036876599,Naturnes Laksegryte 6md 190g,nestle,Infant & young child nutrition,name/category keywords,,,0,,,,,,,
7613036338202,Mild Fullkornslasagne Økologisk 8md 190g,nestle,Unclassified,none,,,0,,,,,,,
7613037087543,NaturNes Nutripuffs Raspberry 35g,nestle,Infant & young child nutrition,name/category keywords,,,0,,,,,,,
7613038414119,Nan Pro 2 Hmo fra 6mnd 800g Nestle,nestle,Unclassified,none,,,0,,,,,,,
7613036339193,Fullkornslasagne Økologisk 12md 190g,nestle,Unclassified,none,,,0,,,,,,,
7613037011760,NaturNes Porridge Apple Strawberry 110g,nestle,Infant & young child nutrition,name/category keywords,,,,,,,,,,
7613035683150,Min Grøt Havre Pære & Banan 6md 480g,nestle,Unclassified,none,,,0,,,,,,,
7613287003447,Nan Sensilac 1 fra 0md 400g,nestle,Unclassified,none,,,0,,,,,,,
7613035683198,"Nestlé Min Grøt Fullkorn Yoghurt, Pære, Banan 8md",nestle,Dairy & milk drinks,name/category keywords,,4,0,,,,,,,
7613037998887,Nan Pro 1 HMO fra 0md 800g,nestle,Unclassified,none,,,0,,,,,,,
7613287170811,Naturnes Bowl Summer Berries 125g,nestle,Infant & young child nutrition,name/category keywords,,,,,,,,,,
7613035622241,Min Velling Fullkorn 1år 750g Nestle,nestle,Unclassified,none,,,0,,,,,,,
7613036149792,Min Grøt Fullkorn Eple Gulrot 8md 480g,nestle,Unclassified,none,,,0,,,,,,,
7613036382694,Grøt Eple/Mango Fullk.Havre Økologisk 110g Nestle,nestle,Unclassified,none,,,,,,,,,,
7613287170842,Naturnes Bowl Apple Cinnamon 125g,nestle,Infant & young child nutrition,name/category keywords,,,,,,,,,,
7613035683211,Nestlé Min Grøt Fullkorn Eksotiske Frukter 1år,nestle,Unclassified,none,,4,0,,,,,,,
5900020034199,Nesquik Alphabet 115g,nestle,Dairy & milk drinks,name/category keywords,,,,,,,,,,
7613287402929,Nestlé Junior 4 Frukter Smoothie 12md 110g,nestle,Beverages,name/category keywords,,,0,,,,,,,
7613033135873,Nescafé Dolce Gusto Mollbergs 16 kapsler,nestle,Coffee & creamers,name/category keywords,,,0,,,,,,,
7613287574404,Little Rockets Creamy Sauce 190g,nestle,Culinary & meals,name/category keywords,,,0,,,,,,,
7613287209894,Little Rockets Tikka Masala 190g,nestle,Unclassified,none,,,0,,,,,,,
7613037099423,Nescafé Original Refill 180g,nestle,Coffee & creamers,name/category keywords,,,0,,,,,,,
7613035947641,Nestlé Eple & Pære Pure 6md 125g Økologisk,nestle,Unclassified,none,,,,,,,,,,
7613032996284,After Eight Bag 136g,nestle,Chocolate & confectionery,name/category keywords,,,0,,,,,,,
8585002438041,Fiskebuljong Klar 5l Maggi,nestle,Culinary & meals,name/category keywords,,,,,,,,,,
7613287511546,Little Rockets Smoothie Banan 150g,nestle,Beverages,name/category keywords,,,0,,,,,,,
7613287198181,Juicy Chicken Provencal 34g Maggi,nestle,Culinary & meals,name/category keywords,,,0,,,,,,,
7290112964663,Veganpølse 300g Hälsans Kök,nestle,Unclassified,none,,4,0,,,,,,,
7613035969070,Nescafé Brasero Refill 200g,nestle,Coffee & creamers,name/category keywords,,,,,,,,,,
7613037059595,NaturNes Nutripuffs Tomato 35g,nestle,Infant & young child nutrition,name/category keywords,,,0,,,,,,,
7613287170859,Naturnes Bowl Tropical 125g,nestle,Infant & young child nutrition,name/category keywords,,,,,,,,,,
5900020029799,Nesquik Frokostblanding 125g,nestle,Dairy & milk drinks,name/category keywords,,,,,,,,,,
7613037016413,NaturNes Mango Smoothie 4md 90g,nestle,Infant & young child nutrition,name/category keywords,,,0,,,,,,,
5900020029393,Lion Frokostblanding 140g,nestle,Unclassified,none,,,,,,,,,,
7613039847558,Latz Doubly Delicious 12pk,nestle,Unclassified,none,,,,,,,,,,
7613038670874,Maggi Klar Grønnsakskraft 500ml,nestle,Culinary & meals,name/category keywords,,,0,,,,,,,
7613287296009,Dolce Gusto Zoegas Espresso 112g,nestle,Coffee & creamers,name/category keywords,,,0,,,,,,,
7613035850866,Nescafe Azera Espresso Intenso 100g,nestle,Coffee & creamers,name/category keywords,,,,,,,,,,
9300605055520,Braškinis Musli,nestle,Breakfast cereals,name/category keywords,,,,371.0,20.3,6.4,3.0,0.2075,6.8,5.7
7613037611175,Little Steps 2 fra 6md 600g,nestle,Unclassified,none,,4,0,,,,,,,
7042110081848,Gourmet Gold Tunfiskmousse 85g,nestle,Unclassified,none,,,,,,,,,,
7613039847749,Latz Agail Kjøtt & Grønnsaker 12pk,nestle,Unclassified,none,,,,,,,,,,
7613034977014,Gourmet Mon Petit Fisk 300g,nestle,Unclassified,none,,,,,,,,,,
7613036088343,Nescafe Azera Americano 100g,nestle,Coffee & creamers,name/category keywords,,,0,,,,,,,
7613039956717,Naturnes Fiskegrateng 1-3år 220g,nestle,Infant & young child nutrition,name/category keywords,,,0,,,,,,,
7613039847466,Latz Sensations Extras 12pk,nestle,Unclassified,none,,,,,,,,,,
7613036137195,Rotfruktsgryte Økologisk 6md 190g,nestle,Unclassified,none,,,0,,,,,,,
7613038916170,Starbucks Instant Medium Roast 90g,nestle,Unclassified,none,,,0,,,,,,,
7613035947627,Nestlé Eple & Fersken Pure 6md 125g Økologisk,nestle,Unclassified,none,,,,,,,,,,
7613036383165,Nestlé Grøt Eple Blåbær Smoothie Økologisk 110g,nestle,Beverages,name/category keywords,,,,,,,,,,
7613035622227,Nestlé Min Velling Godnatt Mild Fullkorn 8md,nestle,Unclassified,none,,,0,,,,,,,
7613035853553,Gourmet Crystal Tunfisk&Reker Suppe 40g,nestle,Culinary & meals,name/category keywords,,,,,,,,,,
50562343,Gourmet Gold Laksemousse 85g,nestle,Unclassified,none,,,,,,,,,,
7613034047892,Gourmet Gold Kalv&Grønnsaker 85g,nestle,Unclassified,none,,,,,,,,,,
7613036152518,Gourmet Perle Gravy Delight 4pk 340g,nestle,Culinary & meals,name/category keywords,,,,,,,,,,
7613037016376,NaturNes Apple Smoothie 4md 90g,nestle,Infant & young child nutrition,name/category keywords,,,,,,,,,,
7613037084023,Little Steps 3 fra 12md 600g,nestle,Unclassified,none,,,,,,,,,,
7340024185523,Hälsans Kök Pulled Beans 230g,nestle,Unclassified,none,,,0,,,,,,,
9556001228857,Omega Plus,nestle,Unclassified,none,,4,3,50.0,5.0,1.8,,0.1,3.1,
7613287934291,Ketchup,thomy,Culinary & meals,brand (clear),,,0,80.0,14.0,0.667,0.0,1.67,0.667,5.0
9556001185655,nescafe white coffee,nescafe,Coffee & creamers,brand (clear),,,,419.0,41.9,6.39,,0.625,3.89,
7702024567172,Klim,nestle,Unclassified,none,,,,,,,,,,
9556001306074,Dairy Free Almond & Oat Milk,nestle,Dairy & milk drinks,name/category keywords,,,,52.0,,2.0,,,1.4,
8992696526686,Ready-to-Drink Canned Coffee Cappuccino,nescafe,Coffee & creamers,brand (clear),,,,59.1,6.5,1.77,1.5,0.15,0.805,0.645
7702024352129,Klim Clásica,nestle,Unclassified,none,,,,483.0,37.5,25.8,14.6,0.885,25.0,
8961008222790,Nesfruta (Mango Fruit Drink),nestle,Beverages,name/category keywords,,4,5,56.0,14.0,,,0.5,,
8850453019737,เนสท์เล่ ไอศกรีมกลิ่นมะนาว,nestle,Unclassified,none,C,4,5,135.0,23.1,1.92,0.962,0.144,0.0,0.0
8850453017054,เนสท์เล่ สตรอเบอร์รี ทวิสต์,nestle,Unclassified,none,C,4,8,154.0,21.2,5.77,2.88,0.0721,0.0,0.0
8850453015661,เนสท์เล่ ไอศกรีมกลิ่นวานิลลาผสมช็อกโกแลตชิพ,nestle,Unclassified,none,D,4,7,212.0,21.2,11.5,5.77,0.144,1.92,0.0
8850453015630,เนสท์เล่ ไอศกรีมกลิ่นวานิลลา,nestle,Unclassified,none,D,4,6,192.0,21.2,9.62,4.81,0.144,1.92,0.0
8850453015838,เนสท์เล่ ไอศกรีมกลิ่นกะทิ,nestle,Unclassified,none,D,4,3,173.0,19.2,9.62,5.77,0.0962,1.92,0.0
9556001222664,Milo Nuggets,nestle,Culinary & meals,name/category keywords,,,,492.0,45.3,23.3,6.67,0.333,9.33,
0500000605354,Italian Sweet Crème,coffee-mate,Coffee & creamers,brand (clear),,,,233.0,33.3,10.0,0.0,0.25,0.0,
9400556007750,Hearty oxtail flavoured soup,maggi,Culinary & meals,brand (clear),,,,349.0,6.15,6.15,3.08,11.2,15.4,
7290019293583,Low Calorie Mango Ice Cream,nestle,Dairy & milk drinks,name/category keywords,,,,80.8,8.27,0.0,0.0,0.0529,1.15,7.12
6294003591069,lentil soup,maggi,Culinary & meals,brand (clear),,,,,,,,,,
6294017116913,Cream of Chicken Soup,maggi,Culinary & meals,brand (clear),,,,,,,,,,
6294017117002,11 Vegetables Soup,maggi,Culinary & meals,brand (clear),,,,,,,,,,
8801055062812,decaf,nescafe,Coffee & creamers,brand (clear),,,,,,,,,,
9300605127395,Iced Chococino,nescafe,Coffee & creamers,brand (clear),,,,37.6,4.6,1.0,0.72,0.1,1.12,
7891000406458,Panetone Charge,nestle,Unclassified,none,,,,353.0,22.0,15.0,7.1,0.2425,5.6,1.3
7891000377055,Sabor Limão Siciliano,nestle,Chocolate & confectionery,name/category keywords,,,,,,,,,,
5907459005028,Oats Millet Maggi,nestle,Culinary & meals,name/category keywords,,,,332.0,,12.3,8.5,,11.2,5.0
0044444427665,Fat Free French Vanilla Creamer,coffee-mate,Coffee & creamers,brand (clear),,,,25.0,5.0,0.0,0.0,0.0125,0.0,
7630311592043,,nestle,Unclassified,none,,,,,,,,,,
9400556063169,Bacon & onion soup,maggi,Culinary & meals,brand (clear),,,,22.7,0.25,0.65,0.3,0.637,0.35,
7613037505689,Latte Macchiato,dolce-gusto,Coffee & creamers,brand (clear),,,,310.0,27.5,14.0,8.73,0.36,15.3,
0750000975920,Coffee Mate Brown Butter,coffee-mate,Coffee & creamers,brand (clear),,,,233.0,33.3,10.0,0.0,0.25,0.0,
8445290432667,Roerbak Kip Curry,maggi,Culinary & meals,brand (clear),,,,136.0,2.26,3.11,0.633,0.646,10.2,2.53
0028000138745,Hot Cocoa and Marshmallow Flavored Morsels,nestle,Dairy & milk drinks,name/category keywords,,,,500.0,64.3,25.0,,0.179,0.0,0.0
9300605154537,Plant Based Italian Mince,maggi,Culinary & meals,brand (clear),,,,344.0,6.0,0.0,0.0,2.5,48.0,
8445290432643,Roerbak Noesel Chili,maggi,Culinary & meals,brand (clear),,,,133.0,2.01,2.85,0.491,0.556,10.2,2.51
0015000071356,Naturals For Baby Banana,gerber,Infant & young child nutrition,brand (clear),,,,97.3,17.7,0.0,0.0,0.0221,0.885,0.885
8445291029644,Nesquik Original,nesquik,Chocolate & confectionery,name/category keywords,,,,,,,,,,
7630428705275,Coffee Pod,nescafe,Coffee & creamers,brand (clear),,,,5.0,,0.25,,0.0312,0.75,
8445290451521,Stoofmix hachee maggi,maggi,Culinary & meals,brand (clear),,,,343.0,,2.2,,,8.5,
0007457008406,Haagen-dazs ice cream chocolate chip cookie dough,nestle,Chocolate & confectionery,name/category keywords,,,,286.0,24.8,16.5,10.5,0.188,3.76,0.752
7613287484758,nankid onti pro 2yrs prod,nestle,Unclassified,none,,,,,,,,,,
8850011074123,Honey Milk Flavoured Ice Cream,nestle,Dairy & milk drinks,name/category keywords,,,,172.0,17.2,8.62,4.31,0.151,1.72,0.0
9556001135629,Milo Cocoa Malt Beverage,nestle,Dairy & milk drinks,name/category keywords,,,,61.5,7.5,1.8,0.9,0.0825,1.8,0.0
0050000687671,Coffee Mate,nestle,Coffee & creamers,name/category keywords,,,,227.0,27.3,13.6,13.6,0.0,0.0,
7613287371553,Ajo en trocitos,maggi,Culinary & meals,brand (clear),,,,,,,,,,
0840258824238,Hazelnut Coffee Creamer Tubs,nestle,Coffee & creamers,name/category keywords,,,,227.0,27.3,13.6,13.6,0.0,0.0,
8445291278400,Сік Яблуко Манго Персик,gerber,Infant & young child nutrition,brand (clear),,,,31.0,6.0,0.2,,0.025,0.2,1.0
0002800015785,Abuelita,nestle,Chocolate & confectionery,name/category keywords,,,,435.0,73.9,15.2,10.9,0.0,4.35,4.35
0028000454302,Low Fat Sweetened Condensed Milk,nestle,Dairy & milk drinks,name/category keywords,,,,300.0,60.0,3.75,2.5,,7.5,
8901058012118,Greek Yoghurt Alphonso Mangoes,nestle,Dairy & milk drinks,name/category keywords,,,,109.0,11.7,3.2,2.6,0.15,4.8,
8888082164320,Milo Singapore Recipe,nestle,Dairy & milk drinks,name/category keywords,,,,410.0,40.0,10.0,5.0,0.35,11.7,4.33
7861001250169,coffe mate,nestle,Unclassified,none,,,,,,,,,,
5000426801569,Quality Street,nestle,Chocolate & confectionery,name/category keywords,,,,,,,,,,
9556001307576,Everyday Milk Powder,nestle,Dairy & milk drinks,name/category keywords,,,,464.0,35.2,20.0,,0.75,15.2,
02881652,Nescafé Classic,nestle,Coffee & creamers,name/category keywords,,,,,,,,,,
7630585314549,Lemon Shortbread,nespresso,Coffee & creamers,brand (clear),,,,500.0,20.6,29.4,17.6,0.515,5.88,2.94
7613037744996,Leche Entera en Polvo Instantánea,nestle,Dairy & milk drinks,name/category keywords,,4,2,493.0,40.0,26.2,16.2,0.75,24.4,
8445290627261,Dark Chocolate Bergamot,nespresso,Coffee & creamers,brand (clear),,,,567.0,26.7,43.3,23.3,0.0,10.0,10.0
7610100021510,Nescafé Lyx Mellanrost,nescafe,Coffee & creamers,brand (clear),,,,,,,,,,
0059800216920,Kit kat chocolates chunky,nestle,Chocolate & confectionery,name/category keywords,,,,516.0,45.3,27.0,15.2,0.175,6.5,2.25
8934804025162,Café Viêt Milky Iced Coffee,nescafe,Coffee & creamers,brand (clear),,,,450.0,55.0,10.0,10.0,1.69,5.0,0.0
7861001245806,nido,nestle,Dairy & milk drinks,name/category keywords,,,,,,,,,,
42245483,Nescafé gold,nescafe,Coffee & creamers,brand (clear),,,,,,,,,,
9556001311030,Nestum original,nestle,Infant & young child nutrition,name/category keywords,,,,,,,,,,
9556001068071,Extra Hot Chilli Sauce,maggi,Culinary & meals,brand (clear),,,,114.0,,0.7,,0.265,0.2,
7613038211244,NESCAFE LYX,nescafe,Coffee & creamers,brand (clear),,,,,,,,,,
7891000379790,Chocapic Boom,nestle,Breakfast cereals,name/category keywords,D,4,1,380.0,30.0,3.67,1.0,0.967,5.67,4.67
7773401006973,Wafer Chocolate,nestle,Chocolate & confectionery,name/category keywords,E,4,2,494.0,35.0,21.0,11.0,0.5,6.9,3.7
0022800215606,Semi-sweet Chocolate Chips,nestle,Chocolate & confectionery,name/category keywords,,,,500.0,57.1,28.6,17.9,0.0,7.14,7.14
8445291298736,Mini Chocapic,nestle,Breakfast cereals,name/category keywords,,,,400.0,30.0,5.0,0.0,0.625,6.67,6.67
7861001244205,leche,nestle,Dairy & milk drinks,name/category keywords,,,,,,,,,,
0072554223754,Kit kat mini bars,nestle,Chocolate & confectionery,name/category keywords,,,,343.0,26.7,21.0,15.2,0.155,1.9,1.9
8000300430721,Crunch Eggs,nestle,Chocolate & confectionery,name/category keywords,,,,523.0,,28.7,17.5,0.281,6.25,
4600680026718,Chocolate Orange Almond,nestle,Chocolate & confectionery,name/category keywords,,,,525.0,,29.0,,,6.3,
0004339374245,Boost Glucose Control Max 30g Protein,nestle,Health & clinical nutrition,name/category keywords,,4,5,49.2,0.308,0.615,0.308,0.231,9.23,0.0
5300647121584,Malted milk drink powder,nestle,Dairy & milk drinks,name/category keywords,,,,430.0,42.5,9.5,4.5,0.688,11.5,
7613036886192,Nestle Cacao Puro,nestle,Dairy & milk drinks,name/category keywords,,,,265.0,2.5,10.5,,0.0,25.5,15.0
7460123987313,Sopa De Pollo Con Fideos,maggi,Culinary & meals,brand (clear),,,,326.0,,2.86,,,11.4,2.86
0002800003327,Dark Chocolate Chips,nestle,Chocolate & confectionery,name/category keywords,,,,80.0,6.0,5.0,3.0,0.0,1.0,1.0
5300647144750,Gooey Caramel Kit Kat,nestle,Chocolate & confectionery,name/category keywords,,,,506.0,51.9,26.5,15.9,0.265,5.82,
4902201182379,KitKat Shinshu Apple,nestle,Chocolate & confectionery,name/category keywords,,,,543.0,,30.2,,,6.81,
9300605157989,Trix,nestle,Breakfast cereals,name/category keywords,,,,398.0,27.0,4.67,,0.217,6.67,50.0
9556001314994,Milk Coffee Can Drink - Gold Latte,nescafe,Coffee & creamers,brand (clear),,,,40.8,4.58,1.08,0.708,0.18,1.71,
9300605153103,Milo,nestle,Dairy & milk drinks,name/category keywords,,,,400.0,44.0,9.5,6.5,0.35,12.5,4.0
8888140132803,Pineapple Slices,milo,Dairy & milk drinks,brand (clear),,,,92.9,18.0,0.0,0.0,0.0179,0.571,4.0
6917878359007,Mashed Potatoes,maggi,Culinary & meals,brand (clear),,,,391.0,,8.57,,3.25,8.0,
7891000321164,Sabor Chocolate + Chocolate ao Leite,nestle,Chocolate & confectionery,name/category keywords,,,,,,,,,,
8445291322745,Kyllingfond Kanafondi,maggi,Culinary & meals,brand (clear),,,,6.0,0.3,0.3,0.1,1.95,0.2,
8585002445490,Spicy Teriyaki Noodles,maggi,Culinary & meals,brand (clear),,,,361.0,9.6,3.2,0.4,3.05,13.9,5.5
7702024153962,milo,nestle,Dairy & milk drinks,name/category keywords,,,,,,,,,,
6917878065588,Peanut Wafer,nestle,Chocolate & confectionery,name/category keywords,,,,529.0,39.4,33.5,19.4,0.191,7.06,
9556001321640,salted caramel 3in1,nescafe,Coffee & creamers,brand (clear),,,,424.0,58.2,12.4,12.4,2.13,2.35,3.53
8585002444387,kanapuljong,maggi,Culinary & meals,brand (clear),,,,,,,,,,
9556001306050,goodnes dairy free,nestle,Dairy & milk drinks,name/category keywords,,,,,,,,,,
7506475122467,Cookie Crisp,nestle,Breakfast cereals,name/category keywords,,,,373.0,30.0,4.33,2.0,0.875,6.67,6.67
7613287581068,Nescafé Decaf,nescafe,Coffee & creamers,brand (clear),,,,,,,,,,
6917878000466,UHT Light Cream,nestle,Dairy & milk drinks,name/category keywords,,,,323.37476,,35.0,,0.075,1.2,
8901058845693,Chilled Latte,nescafe,Coffee & creamers,brand (clear),,,,70.0,9.4,1.6,1.4,0.23825,3.2,0.0
7630585369075,Vaniglia Lungo Original Line,nespresso,Coffee & creamers,brand (clear),,,,0.0,,0.0,,,0.0,
8445291053212,choco moka,nestle,Unclassified,none,,,,,,,,,,
7773401006874,Wafer Chocolate,nestle,Chocolate & confectionery,name/category keywords,,,,,,,,,,
9556001262141,White Coffee (Gao Kosong),nescafe,Coffee & creamers,brand (clear),,,,420.0,14.5,11.5,11.5,0.925,3.5,4.0
7613287031822,Salsa Sauce With Smoked Chipotle Pepper,thomy,Culinary & meals,brand (clear),,,,86.0,17.0,0.5,0.1,0.00575,1.6,1.5
0050000316274,Chocolate Chip Cookie Dough,nestle,Chocolate & confectionery,name/category keywords,,,,429.0,35.7,21.4,10.7,1.07,3.57,0.0
7861001250053,Ricacao Sin Azúcar,nestle,Unclassified,none,,,,400.0,,3.33,,0.833,0.0,26.7
7501059229100,Cookie Crisp,nestle,Breakfast cereals,name/category keywords,,,,,,,,,,
6221007036586,Maggi Cream Of Chicken Soup,maggi,Culinary & meals,brand (clear),,,,23.6,0.48,0.24,0.04,0.909,0.92,0.16
8445291314962,Chilli Mayonnaise,thomy,Culinary & meals,brand (clear),,,,453.0,5.2,46.0,4.9,1.525,0.7,0.2
8992696409057,Milo,nestle,Dairy & milk drinks,name/category keywords,,,,,,,,,,
8850124045027,Kit Kat Dark Ice Cream Bar,nestle,Chocolate & confectionery,name/category keywords,,,,355.0,21.5,24.6,12.3,,4.31,
6001068686209,Nan Pelargon,nestle,Unclassified,none,,,,,,,,,,
6001068686605,nan,nestle,Unclassified,none,,,,,,,,,,
0643435839137,Dark Chocolate Pieces (70% Cacao),nespresso,Coffee & creamers,brand (clear),,,,600.0,26.7,43.3,26.7,0.0417,6.67,13.3
8888082148801,3 in 1 Brown Sugar,nescafe,Coffee & creamers,brand (clear),,,,,,,,,,
7630585333182,Fortado Gran Lungo,nespresso,Coffee & creamers,brand (clear),,,,1.33,,0.0133,,,0.0,
8445291115989,Frisse Room Saus Citroen & Peper,maggi,Culinary & meals,brand (clear),,,,182.0,1.5,17.6,3.0,1.18,0.5,0.2
8901058006643,Maggi 2 Minutes Noodles Masala,nestle,Culinary & meals,name/category keywords,,,,,,,,,,
0050444844623,Xtra Chocolate,coffee-mate,Coffee & creamers,brand (clear),,,,200.0,33.3,6.67,0.0,0.167,0.0,
